BRAND,VERTICAL,WEBSITE,AD_LIBRARY_URL,ACTIVE_ADS_COUNT,AD_SCALE_EVIDENCE,LANDING_PAGE_TYPE,PRODUCTS_OFFERED,HERO_FORMULATION,GENERIC_OR_COMPOUNDED,PRICING_AS_LISTED,EFFECTIVE_PRICE_PER_MONTH,INTRO_OR_TRIAL_OFFER,DISCOUNTS_AND_BUMPS,GUARANTEE,CONSULT_FEE,PRIMARY_ANGLE,CTA_WORDING,CRO_ELEMENTS,FUNNEL_MODEL,SUBSCRIPTION_STRUCTURE,COMPANY_SCALE,VERDICT_NOTES,SOURCE_AND_DATE
Curology,Acne (model-repeats proof),curology.com,https://www.facebook.com/ads/library/?active_status=active&ad_type=all&country=US&q=Curology&search_type=keyword_unordered,~63 (measured 2026-08-14),"~63 active US results on 2026-08-14; page 'Curology' 22 visible cards, plus creator collabs (Alexa Field Social with Curology, Sydney Johnson with Curology) and retail/marketplace pages (Amazon Beauty, Amazon.com, SalonCentric). | agent-reported: ~63 | verified via https://www.facebook.com/ads/library/?active_status=active&ad_type=all&country=US&q=Curology&search_type=keyword_unordered&media_type=all",Quiz-first telehealth funnel,Custom compounded acne formula plus adjacent skincare,,Compounded (personalised formula),,,,,,,Personalised prescription formula built by your provider,,,Quiz -> Rx -> subscription ship,,,"The original proof of this business model and now visibly PAST its aggressive-acquisition phase - only ~63 active ads for a category-defining brand, and it has moved into retail distribution. Acne is the most mature and most contested of these verticals; it is where this model goes to get commoditised. Pricing UNVERIFIED in this pass.",Meta Ad Library 2026-08-14
Apostrophe,Acne / derm telehealth,apostrophe.com,https://www.facebook.com/ads/library/?active_status=active&ad_type=all&country=US&q=Apostrophe%20skincare&search_type=keyword_unordered,0 on this keyword,"The keyword 'Apostrophe skincare' returned 'No ads match your search criteria' on 2026-08-14. Apostrophe also did not appear among visible advertisers on the 'rosacea treatment', 'rosacea', 'melasma' or 'dark spots cream' sweeps. Note the bare word 'apostrophe' was not tested separately, so a zero on this specific keyword is not proof of zero total spend.",Quiz-first telehealth funnel,"Prescription acne, anti-aging and rosacea topicals",,Mix of generic and compounded,,,,,,,Dermatologist-designed personalised prescription skincare,,,Quiz -> Rx -> subscription ship,,,"A funded, well-known derm telehealth brand showing no measurable paid-social presence on any condition keyword we swept. Combined with Curology's ~63 ads, this says the incumbent derm telehealth cohort has largely stopped buying attention - which is precisely the vacuum a new brand with fresh creative can walk into. Pricing UNVERIFIED in this pass.",Meta Ad Library 2026-08-14
Calvris / TryCalvris,Adjacent (surfaced in toe fungus ad cluster),calvris.com (trycalvris.com 301-redirects here),https://www.facebook.com/ads/library/?active_status=active&ad_type=all&country=US&q=Calvris&search_type=keyword_unordered,~150,~150 active US results on 2026-08-14: page 'TryCalvris' 18 visible cards plus doctor-persona page 'Dr. Steven Walter' 3. Calvris also appeared inside the 'Fungus Free Reset' advertiser cluster.,Product page with long-form marketing sections,Beard Recovery Cream,Proprietary 'Dry-Safe Complex' described only as 'antifungal agents and skin-calming ingredients'; no actives named,"OTC cosmetic (carries the standard 'not intended to diagnose, treat, cure, or prevent any disease' disclaimer)","UNVERIFIED - the page returned an internally inconsistent pair ($44.99 regular against a $65.95 sale price, claims:31% savings), which cannot both be true. Needs a manual re-read before anyone quotes it.",,,,claims:'Results in 1 Week or Money Back!' and '120-day Money-Back Guarantee. If you dont see results simply reach out to our team for a refund.',,Antifungal positioning applied to beard/skin rather than nails,'Try Calvris Today'; 'Shop Now'; 'Try Risk Free',,Advertorial/product page -> cart,,,"Included because it advertises inside the same cluster as the toe fungus supplement operators, but the product is a BEARD cream, not a nail treatment - so it is not a direct competitor. Its 120-day guarantee is the longest in this dataset and is worth noting as a guarantee-length benchmark. Pricing deliberately left UNVERIFIED rather than reported from a self-contradictory page.",https://calvris.com + Meta Ad Library 2026-08-14
Braun Silk-expert Pro 5,At-home IPL device,us.braun.com,https://www.facebook.com/ads/library/?active_status=active&ad_type=all&country=US&q=unwanted%20facial%20hair&search_type=keyword_unordered,UNVERIFIED at keyword level,Not isolated in rendered subsets. Retail/marketplace distribution rather than niche keyword buying.,Retail/marketplace listing,Silk-expert Pro 5 IPL (IPL5137 / PL5157 / Glow Edition),IPL device,n/a - device,$280 on Amazon; $239.99-$299.99 Costco Glow Edition; ~$419 stated retail,$23.33/mo at $280 annualized over 12 mo (up to $34.92/mo at $419),Retailer discounting is the offer,"Bundle editions include extra heads, razor, vanity case",Retailer-dependent (no brand-level guarantee published on product pages),n/a,Permanent laser-grade hair reduction at home from a trusted legacy brand,"Retailer ""Add to cart""",Retail trust; bundle editions; price-tracked discounting,Retail purchase,None (one-time device),Global appliance brand (Procter & Gamble lineage),"THE TRUST INCUMBENT. She already believes Braun. Prices are retailer-set and third-party sourced here - official Braun US pages do not display price, so treat the $280/$419 spread as retail-observed, not brand-published.",https://us.braun.com/en-us/female-hair-removal/ipls/silk-expert-pro-5-pl5157 + dealnews/Costco listings 2026-08-14
Kenzzi,At-home IPL device,kenzzi.com,https://www.facebook.com/ads/library/?active_status=active&ad_type=all&country=US&q=unwanted%20facial%20hair&search_type=keyword_unordered,UNVERIFIED at keyword level,Not isolated in rendered subsets.,DTC site routing to retail,ICE Cooling IPL Handset,IPL device,n/a - device,$699.99,$58.33/mo (annualized over 12 months),None published,None published,"90 Day Money Back Guarantee (stated as ""IPL ICE USA 90 Day Money Back Gaurantee"" - typo is theirs)",n/a,Cooling-enhanced IPL comfort,"""shop now at walmart"" / ""learn more""",Retail-channel handoff; no review count or rating displayed on site,DTC site -> Walmart retail,None (one-time device),Small DTC device brand,"MOST EXPENSIVE DEVICE FOUND AND THE WEAKEST MERCHANDISING - no reviews shown, a typo in the guarantee, and it pushes its own traffic to Walmart. At $58/mo annualized it makes a monthly Rx look cheap.",https://www.kenzzi.com/ 2026-08-14
Nood,At-home IPL device,trynood.com,https://www.facebook.com/ads/library/?active_status=active&ad_type=all&country=US&q=peach%20fuzz&search_type=keyword_unordered,~440 (measured 2026-08-14),Not isolated in the rendered subsets of these sweeps; sustained national DTC advertiser by reputation. Ad count UNVERIFIED. | verified via https://www.facebook.com/ads/library/?active_status=active&ad_type=all&country=US&q=Nood&search_type=keyword_unordered&media_type=all,DTC product page,The Flasher 2.0; The Flasher Pro; Noodist Pro Kit,IPL device,n/a - device,"Flasher 2.0 $179 (reg $199, 10% off); Flasher Pro $379; Noodist Pro Kit $399 (reg $507, 21% off)",$14.92/mo (Flasher 2.0 $179 annualized over 12 mo); $31.58/mo for the Pro,$98 OFF Flash Pro Kit,Kit bundling saves 21%,"""Try The Flasher for 90 days. If you've still got hair to spare, we'll hook you up with a refund.""",n/a,Long-lasting hair removal plus visibly younger skin; clinical-grade power at home,"""Shop Now""",4.6/5 from 380 reviews; bundle ladder; plain-English 90-day guarantee copy,DTC ecommerce,None (one-time device),Well-funded DTC device brand,"CHEAPEST CREDIBLE DEVICE AT ~$15/MO ANNUALIZED - the hardest price anchor in the device category. Note the guarantee is written in casual human voice, not legalese; that copy converts and is worth stealing tonally.",https://trynood.com/ 2026-08-14
Philips Lumea 9900 Series,At-home IPL device,philips.com,https://www.facebook.com/ads/library/?active_status=active&ad_type=all&country=US&q=unwanted%20facial%20hair&search_type=keyword_unordered,UNVERIFIED at keyword level,Not isolated in rendered subsets. Retail-led distribution.,Retail/marketplace listing,Lumea IPL 9900 Series BRI973 / BRI977 / BRP958,IPL device with SenseIQ,n/a - device,BRI973 $539 (reg $679); BRI977 $599 (reg $699); $410.99 at some importers,$44.92-$49.92/mo (device annualized over 12 months),Reseller sale pricing,Attachment bundles (3 vs 4 heads incl. dedicated facial attachment),Retailer-dependent,n/a,Premium at-home IPL with skin-sensing tech and a dedicated facial attachment,"Retailer ""Add to cart""",Premium positioning; attachment tiering,Retail purchase,None (one-time device),Global appliance brand,THE PRICE CEILING FOR DEVICES AT ~$45-50/MO ANNUALIZED - it lands inside our $40-70 thesis band. Prices here are reseller-observed; Philips US does not publish price directly. Flag before quoting to a partner.,https://us.beautysook.com/products/philips-lumea-bri977-9900-series-ipl-hair-removal-tool-with-4-attachments-for-body-face-bikini-and-armpits + https://www.tradeinn.com/techinn/en/philips-lumea-ipl-9900-series-bri977-00-epilator/141721597/p (philips.com US does not publish price) 2026-08-14
Ulike,At-home IPL device,ulike.com,https://www.facebook.com/ads/library/?active_status=active&ad_type=all&country=US&q=vello%20en%20la%20cara&search_type=keyword_unordered,~360 (measured 2026-08-14),"Appears as ""Ulike Global"" on the Spanish keyword ""vello en la cara"" (~100 total active US). Major brand-level spender outside these niche keywords. | agent-reported: 2 (rendered subset, ""Ulike Global"") | verified via https://www.facebook.com/ads/library/?active_status=active&ad_type=all&country=US&q=Ulike&search_type=keyword_unordered&media_type=all",DTC product page,"Air 10, Air 3, Air+ IPL handsets",Intense Pulsed Light (IPL) device,n/a - device,"Air 10 $259.00 (25% off; additional $90-off coupon advertised); ""Glow Fest: Up to 40% Off"" sitewide",$21.58/mo (device $259 annualized over 12 months); $7.19/mo over a 3-year life,Up to 40% off seasonal sale; $90 coupon,Free US shipping; seasonal stacking coupons,90-Day Money Back Guarantee (100-day trial also advertised in places),n/a,Painless at-home permanent hair reduction; speed and safety,"""Shop Now""",Sitewide sale banner; coupon codes; 90-day guarantee; heavy review volume,DTC ecommerce,None (one-time device),Global category leader in at-home IPL,"PRICE-ANCHOR RIVAL AND THE ONLY DEVICE BRAND FOUND RUNNING SPANISH CREATIVE. At $21.58/mo annualized it sits right in our target price band. Its weakness on facial hair is real: IPL works poorly on the fine, light, hormone-driven hair our buyer actually has.",https://www.ulike.com/products/sapphire-air-10-ipl-hair-removal + Meta Ad Library 2026-08-14
Skin Medicinals,B2B2C compounded dermatology prescribing platform,skinmedicinals.com,https://www.facebook.com/ads/library/?active_status=active&ad_type=all&country=US&q=Skin%20Medicinals&search_type=keyword_exact_phrase,~29,"Meta Ad Library exact-phrase query returned ~29 active US ads on 2026-08-14 with the Skin Medicinals page as top advertiser. Critically the ad copy targets prescribers, not patients: a sample creative opens 'Hair loss patients often cycle through treatments without seeing consistent results... With HairStim, you can prescribe a single cu...', confirming a B2B media strategy",B2B prescriber signup plus a patient login,"Oral and topical medications and customized acne and anti-aging compounds across seven conditions: acne, rosacea, anti-aging, warts, hyperpigmentation, inflammatory conditions and hair loss",Physician-selected compounded formulations rather than a single branded hero SKU,Compounded,"No consumer subscription price. An illustrative cost comparison is shown: generic clobetasol at $382 to $1,528 versus their version at $38 to $68 for equivalent volumes",Not applicable; this is not a DTC subscription,None,None,None stated,Not applicable; the prescribing physician is the gatekeeper,Removing prior authorizations and cutting patient medication cost for dermatology practices,Physician Sign Up / Physician Search / Patient Login,'No more prior authorizations' and 'Transparent Affordable Pricing' as the core promises; a side-by-side cost comparison against retail pharmacy pricing,"Physician prescribes, compounding pharmacy fills, patient receives",No consumer subscription,UNVERIFIED,"NOT A DTC COMPETITOR, BUT A USEFUL PRICE-TRANSPARENCY WEAPON. Their published retail-versus-compounded comparison, a spread of up to roughly 22x, is exactly the framing that justifies a compounded product's price to a skeptical buyer. Also a live reminder that dermatologists can already prescribe compounded eflornithine directly, a quiet substitute for our offer.","https://www.skinmedicinals.com/ + Meta Ad Library, verified 2026-08-14"
Pandia Health,Birth control and menopause telehealth,pandiahealth.com,https://www.facebook.com/ads/library/?active_status=active&ad_type=all&country=US&q=Pandia%20Health&search_type=keyword_unordered,0,"Meta Ad Library returned 'No ads match your search criteria' for this brand on 2026-08-14 using the broader keyword_unordered query, so the zero is conservative. No active US ads. This brand is not buying Meta traffic at all",Informational site with an external app signup,"Birth control pills, patches and rings; emergency contraception; menopause and perimenopause hormone therapy in pill, patch and vaginal forms; online doctor consultations and prescription delivery",No hirsutism or facial hair product,Generic,Not published. Medications 'covered by most insurance'; telehealth consultation fees described only as 'low' and 'cash/credit only'; free USPS delivery in 3-5 business days,UNVERIFIED,None,None observed,"None stated. The site substitutes a retention statistic, claims: '94% of patients stick with their first treatment plan at 10 weeks'",Not disclosed; described only as affordable,Doctor-founded birth control delivery with refill reminders,Get Started,"4.9 stars across 1,931 Google reviews, the strongest verified third-party review corpus found in this segment; claims: 'Seal of approval from 40,000+ patients'; refill reminders sent 7-10 days before medication runs out",Site to app signup to Rx delivery,Refill-based rather than a formal subscription tier,"claims: 40,000+ patients. Funding UNVERIFIED","ZERO PAID SPEND WITH THE BEST REVIEW ASSET. 4.9 from 1,931 Google reviews is stronger third-party proof than anything Musely or Oana display, and yet they buy no ads. The lesson for us is that Google review volume is a durable, transferable trust asset worth building deliberately from the first cohort of customers.","https://www.pandiahealth.com/ + Meta Ad Library, verified 2026-08-14"
Sesame Care,"Broad marketplace: urgent care, Rx refills, mental health, weight loss, menopause, PCOS, birth control, fertility, ED, skincare, pediatrics",https://sesamecare.com,https://www.facebook.com/ads/library/?active_status=active&ad_type=all&country=US&q=sesame%20care&search_type=keyword_unordered,251,"Retrieved via Apify actor apify/facebook-ads-scraper (onlyTotal mode) on 2026-08-14; direct HTTP to facebook.com/ads/library returns 403 and headless crawls return only the JS shell. CAVEAT: keyword_unordered counts every advertiser whose ad text matches the term, including affiliates, so it is an upper bound on the brand's own ads, not a clean brand count.",Service-tile marketplace grid rather than a single hero offer. Each tile leads to a condition page with an upfront visit price.,"Doctor visits sold as the product. For ED: generic sildenafil, tadalafil, avanafil, vardenafil. Weight loss: brand-name GLP-1s via 'Success by Sesame'.","No proprietary formulation - Sesame is a visit marketplace, not a product brand.","Generic, dispensed through the patient's own retail pharmacy: 'Your ED prescription to your preferred pharmacy for home delivery or same-day pickup.' No in-house compounding.","Visits from $34; urgent care, Rx refill and ED visits 'From $38/visit'; pediatric 'From $50/visit'. Subscriptions: mental health from $79/mo; weight loss, menopause and PCOS from $59/mo; skincare from $59/mo. GLP-1 medication billed separately: Wegovy pill and Foundayo from $149/mo, Zepbound vial and KwikPen from $299/mo, standard self-pay Wegovy/Ozempic $349/mo.","$34-$38 per one-off visit with no subscription, or $59/mo for ongoing care - plus medication at cost. For ED specifically this is the cheapest entry point in the dataset if the patient only needs one visit.",GLP-1 promo: '$199 per month for the first two consecutive months of therapy at the lowest available dosage strengths'. Refer-a-friend 'Give $10'.,No order bumps - the model is a la carte. A pharmacy savings card ('up to 80%') is offered alongside.,"No satisfaction guarantee. Conditional refund only: 'If you cancel before your initial visit start time, you will receive a full refund'; 'Fees paid for previous months are not refundable.'","THE CONSULT IS THE PRODUCT - $34-$38 per visit, charged explicitly and separately from medication. Stated verbatim on the weight-loss page: 'The subscription fee does not include the cost of medication.' This is the clearest consult/product separation of any brand in the set.","Price transparency and cash-pay affordability: book upfront, see the price before you book, skip insurance.","'Get started', 'Learn more', 'Start', 'Visit page'","claims: '1M+ patients agree', '10K+ board-certified providers', '$50M+ saved by patients'; patient testimonial; 'at half the price' anchoring; generic-vs-brand price comparison table on the ED page; referral loop.",Consult (per-visit fee) or subscription -> e-prescription -> the patient's own retail pharmacy. NOT compounded-ship-to-door.,"Pay-per-visit for acute needs; 'Success by Sesame' subscription for ongoing conditions with month-to-month, 3-month (saves $60), 6-month and annual (saves $480) tiers. Medication always billed separately.",Private. Total funding ~$84.8M across 4 rounds per Tracxn; Series B of $27M led by GV in 2022. No revenue figure found - UNVERIFIED. claims: 1M+ patients.,"A different business model, not a direct competitor, but it sets the price ceiling a compounded brand has to argue against: a customer can get a real ED consult here for $38 and fill generic sildenafil for about $15 per 10 tablets. Any compounded offer at $100+/mo must justify that gap on formulation, convenience or format - which is exactly why the compounded brands in this set sell multi-active blends and novel delivery formats rather than plain sildenafil.",https://sesamecare.com/ ; https://sesamecare.com/service/online-ed-consult ; https://sesamecare.com/service/online-weight-loss-program ; https://techcrunch.com/2022/06/14/sesame-closes-on-27m-in-funding-to-grow-its-pay-per-visit-medical-care-marketplace/ ; Meta Ad Library URL in column D - retrieved 2026-08-14
PlushCare,"Broad primary/urgent care, mental health, weight loss (GLP-1), sexual health/ED, chronic care, pediatrics",https://plushcare.com,https://www.facebook.com/ads/library/?active_status=active&ad_type=all&country=US&q=plushcare&search_type=keyword_unordered,18,"Retrieved via Apify actor apify/facebook-ads-scraper (onlyTotal mode) on 2026-08-14; direct HTTP to facebook.com/ads/library returns 403 and headless crawls return only the JS shell. CAVEAT: keyword_unordered counts every advertiser whose ad text matches the term, including affiliates, so it is an upper bound on the brand's own ads, not a clean brand count. Only 18 active US ads on 2026-08-14, consistent with a brand that now acquires through employer/insurer channels rather than paid DTC.","Marketing/marketplace homepage with mega-nav, hero and trust stats, feeding an appointment booking flow.","Doctor visits across many conditions. Weight loss is the most merchandised category (brand-name GLP-1s: Zepbound, Wegovy, Saxenda, Contrave, Xenical, Mounjaro, Ozempic, Victoza).",No proprietary formulation - a physician-visit marketplace.,Generic and brand-name via retail pharmacy: 'pick up your prescription from your pharmacy'. No compounding language anywhere on the site.,Membership $19.99/month ('Less than $1 a day'). Visit cost: insurance copay for insured patients ('most patients with in-network insurance pay $30 or less'); $129 for a non-member self-pay visit. 'The average insured patient pays less than $25 to speak with one of our physicians.',$19.99/mo membership plus per-visit cost. Effectively $19.99-$50/mo for an insured active user; $129 for a one-off self-pay visit with no membership. The discounted self-pay visit rate under membership was not retrievable - UNVERIFIED.,No time-limited intro promo found. The $19.99/mo membership is itself the discount mechanism.,No order bumps - membership is the upsell.,"Explicit and unusually clear: 'If we're unable to treat you, we'll provide a full refund. Please note that any medication or lab work costs are not included.' Refunds ARE given for inability to treat, connectivity failure, doctor no-show beyond 10 minutes, and licensing/insurance-verification failures. Refunds are NOT given once a clinical assessment is performed, and 'all sales are final' on filled prescriptions.",Membership $19.99/mo plus a separate per-visit fee. Refund policy states plainly: 'Refund is for the appointment cost and not membership fees.',"Legitimacy and insurance acceptance - real doctors, real insurance, low friction.","'Book appointment' (nav), 'Book an appointment' (hero), 'Log in'","'4.9 star rating (130k+) from the App Store'; '1M+ Members treated'; 'Insurance accepted, but not required'; insurer logo wall; the guarantee placed directly under the hero CTA as point-of-decision risk reversal; BBB and HIPAA badges.",Membership + per-visit consult -> e-prescription -> the patient's own retail pharmacy.,Single membership tier at $19.99/month; no annual option found - UNVERIFIED.,"Funding reported at ~$31-33.6M across 3 rounds, latest $23M in June 2020. MATERIAL: PlushCare was acquired by Accolade around 2026-04-01 per aggregator listings, making it a subsidiary rather than an independent scaling brand. The acquisition date is MEDIUM confidence - flagged for spot-check. Current revenue UNVERIFIED.","Not a competitor for a compounded-Rx launch, but it owns the one asset none of the DR brands have: a guarantee placed directly under the hero CTA, in plain language, with the exclusions stated in the same sentence. That is how to write risk reversal that survives legal review - promise only what you will actually refund (the consult), and say out loud what you will not (medication and labs).",https://plushcare.com/ ; https://plushcare.com/sexual-health ; https://plushcare.com/refund-policy ; Meta Ad Library URL in column D - retrieved 2026-08-14
Ro (Roman / Ro women's),Broad telehealth,ro.co,https://www.facebook.com/ads/library/?active_status=active&ad_type=all&country=US&q=ro.co&search_type=keyword_exact_phrase,UNVERIFIED,"Ad count not reliably verifiable in this pass. The brand token 'Ro' is too short and too common for a dependable Meta Ad Library keyword query, and no page-scoped numeric ID lookup was available without a login. Reported as UNVERIFIED rather than publishing a polluted number",Category site with per-condition intake flows,"Weight loss (Wegovy pill and pen, Zepbound, Ozempic, Foundayo, Saxenda), sexual health, fertility testing and prenatal vitamins, men's and women's hair loss, skin (custom prescriptions and LATISSE), daily health supplements",No hirsutism or unwanted facial hair offering anywhere in the catalog,Brand and compounded,Not published on the homepage. References 'lowest prices' and notes generic sildenafil is up to 95% cheaper than branded,UNVERIFIED,None,None observed,None stated,Not published,The trusted large-scale telehealth platform with the lowest prices,Get started / Start losing weight / Start now,"claims: '3,000,000+ members and counting' and '95% love their experience' as the dominant trust signals; no star ratings or review counts",Category to intake to Rx,Subscription,"claims: 3,000,000+ members (company's own marketing claim)","THE THIRD ABSENT GIANT. Ro sells women's hair loss and custom skin prescriptions to 3M+ members and still sells nothing for unwanted facial hair. Together with Hers and Nurx that is three of the largest US consumer telehealth platforms declining the category. Read it as opportunity, but also as a caution worth diligencing: confirm whether the gap is demand-related or supply and regulatory-related before committing spend.",https://ro.co/ + verified 2026-08-14
AFFILIATE NETWORKS (negative finding),ClickBank / Digistore24 / BuyGoods,clickbank.com,n/a,0 identified,"No PCOS, hirsutism or facial-hair offer surfaced in ClickBank's published top-offer and category listings for 2026. Network marketplaces require login to enumerate fully - NOT SEARCHED BEHIND LOGIN per no-login constraint.",n/a,No matching offer identified,n/a,n/a,n/a,n/a,n/a,n/a,n/a,n/a,n/a - no offer found,n/a,n/a,n/a,n/a,n/a,"NEGATIVE FINDING, HONESTLY BOUNDED: no hirsutism or PCOS-facial-hair offer appears in ClickBank's public listings, and the marketplace itself was not enumerated because that requires a login. For scale contrast, ClickBank's public benchmarks show top health offers at ~$135 average payout and $1.25+ EPC. The absence of an affiliate offer in this niche means the grey operators above are running their own media rather than renting affiliates - so there is no army of affiliates to outbid.",https://www.clickbank.com/blog/clickbank-top-offers/ + https://www.clickbank.com/blog/best-supplement-affiliate-programs/ 2026-08-14
Strut Health,Compounded telehealth (multi-category),struthealth.com,https://www.facebook.com/ads/library/?active_status=active&ad_type=all&country=US&q=Strut%20Health&search_type=keyword_exact_phrase,0,Meta Ad Library returned 'No ads match your search criteria' on the exact-phrase query on 2026-08-14. No active US ads confirmed. This brand is not buying Meta traffic,Category grid with an online visit intake,"Seven categories: Sexual Health, Testosterone, Weight Loss, Hair Loss, Skin, Peptides and Menopause. Hair loss features Dutasteride Topical, marketed as a 5-IN-1 HAIR FORMULA and DHT Blocker, plus Oral Minoxidil",No eflornithine or hirsutism product exists in the catalog,Compounded; the site describes products as 'pharmacy-compounded',Not published on the homepage,UNVERIFIED,None,Free shipping,"None stated on the homepage, though a refund policy link exists",Not disclosed; the online visit is described as taking about 5 minutes,Pharmacy-compounded formulas reviewed by licensed US physicians,Get Started / Start your online visit,"'Complete Your Online Visit' framed as a 5-minute task to reduce perceived effort; free shipping; discreet delivery; licensed US physician review. No star ratings, no review counts and no published prices",Online visit to Rx to compounded fill,Subscription; cadence not published,UNVERIFIED,"A COMPOUNDING GENERALIST THAT SKIPPED THE CATEGORY. Strut already runs multi-category compounded telehealth with the exact fulfillment stack our product needs, and still has no facial hair SKU. Combined with Hers, Nurx, Ro, Curology and Mochi all skipping it, this is a consistent pattern rather than one company's oversight.","https://www.struthealth.com/ + Meta Ad Library, verified 2026-08-14"
Michael Todd Beauty (Sonicsmooth),Dermaplaning device,michaeltoddbeauty.com,https://www.facebook.com/ads/library/?active_status=active&ad_type=all&country=US&q=facial%20hair%20women&search_type=keyword_unordered,12 (rendered subset),"12 of 90 rendered cards on ""facial hair women"" (~3,900 total, broad/noisy) plus 4 on ""chin hair"" (~27,000 total, noisy). Dedicated michaeltoddbeauty.com/sonicsmooth destination cards.",DTC product page,Sonicsmooth at-home sonic dermaplaning system,Sonic dermaplaning blade device,n/a - device,$72.60 (compare-at $121.00),$6.05/mo (device annualized over 12 mo); refill cost not published on page,40% off compare-at price,None published,30 days money-back guarantee + 3 Year Warranty,n/a,"""Remove unwanted facial hair while providing an expert exfoliating treatment"" - dual hair-removal and skincare benefit","""Add to cart"" (ad CTA: ""Easy At-Home Dermaplaning / Shop Now"")","4.5/5 from 8,651 reviews; 3-year warranty; compare-at anchor; dual-benefit framing",Ad -> product page -> cart,None on device (refill program not shown),Established DTC beauty device brand,"ACTIVELY BUYING OUR KEYWORDS AT THE CHEAPEST EFFECTIVE PRICE IN THE FIELD (~$6/mo). 8,651 reviews is the largest verified review base of any device here. But dermaplaning only cuts hair at the surface - it is a shaving substitute sold as a treatment.",https://michaeltoddbeauty.com/products/sonicsmooth + Meta Ad Library 2026-08-14
DERMAFLASH,Dermaplaning device + consumable refills,dermaflash.com,https://www.facebook.com/ads/library/?active_status=active&ad_type=all&country=US&q=peach%20fuzz&search_type=keyword_unordered,~120 (measured 2026-08-14),"Not isolated in the rendered subset of the ""peach fuzz"" sweep (~2,700 total active US, broad). | verified via https://www.facebook.com/ads/library/?active_status=active&ad_type=all&country=US&q=Dermaflash&search_type=keyword_unordered&media_type=all",DTC product page,DERMAFLASH LUXE+ device; LUXE+ Replenishment Kit (MicroFine Edges + PREFLASH cleanser),Sonic dermaplaning device with consumable blade edges,n/a - device,Device $199.00; Replenishment Kit $29.00 per 4-week supply; Subscribe + Save 10% and free shipping,$48.00/mo total in year one ($16.58 device annualized + $31.42/mo refills at $29 per 4 weeks); ~$31/mo thereafter,60-Day Risk-Free Trial,"Subscribe + Save 10% on refills, free shipping",60-Day Money-Back Guarantee (full refund minus shipping/handling),n/a,"Sonic dermaplaning plus peach fuzz removal; explicitly reassures ""Your peach fuzz will grow back exactly as it was before""","""Add to cart - $199""","4.8/5 from 964 reviews; claims: 100% saw instant texture improvement, 97% less visible fine lines, 94% reduced dark spots; subscription refill program",DTC -> device purchase -> consumable subscription,"Refill subscription, 4-week interval, 10% off",Established prestige beauty device brand,"THE BEST BUSINESS MODEL IN THE WHOLE SET AND THE CLEAREST PROOF OF OUR THESIS: $48/mo effective, and she re-subscribes forever because the razor-blade model never ends. Note they openly admit the hair grows back unchanged - a permanent-consumable trap we can attack head-on.",https://dermaflash.com/products/dermaflash-luxe-plus 2026-08-14
HeroMD 4-MAX (affiliate/PR funnel — NOT on the live brand site),ED (sexual health),"heromd.us (no live 4-MAX page; https://heromd.us/4-max, /lp/4-max and /max all return Framer ""Page Not Found"" as of 2026-08-14)",https://www.facebook.com/ads/library/?active_status=active&ad_type=all&country=US&q=heromd&search_type=keyword_unordered,~850 (measured 2026-08-14),Same keyword query as the HeroMD row; no way to separate 4-MAX-specific ads from brand ads in a keyword search — UNVERIFIED as a distinct ad count. | agent-reported: 663 | verified via https://www.facebook.com/ads/library/?active_status=active&ad_type=all&country=US&q=HeroMD&search_type=keyword_unordered&media_type=all,"Paid press-release / advertorial network (ACCESS Newswire, GlobeNewswire, Newswire, Barchart syndication) plus affiliate review sites — not a first-party HeroMD landing page","4-MAX, described as a four-ingredient sublingual liquid",Vardenafil 7.5mg + Sildenafil 40mg + Tadalafil 4mg + Apomorphine 2mg (sublingual liquid) — per press release only; NOT confirmed on any HeroMD-owned page,Compounded (per press release),"""$3 per dose on a subscription"" — described in the release itself as ""published promotional pricing as of June 2026"" and ""subject to change""",UNVERIFIED — no monthly price published; depends on undisclosed pack size,"UNVERIFIED — the partner-reported 5/10/20-pack ladder and ""double-up"" bump could NOT be confirmed on any HeroMD-owned page or in any independent source. Do not treat as fact.",UNVERIFIED — no order bump documented in any source I could retrieve. The partner's 'double-up bump' and 'price hike on rebill' are NOT corroborated by HeroMD's own site or terms.,"No refund: ""once approved and shipped, it cannot be returned or refunded"" — consistent with HeroMD's own ToS",UNVERIFIED,"""Skip the wait"" — apomorphine positioned as the neurological/desire component that PDE5 inhibitors alone do not address",UNVERIFIED — no first-party 4-MAX page exists to quote a CTA from,"Press-release trust framing only (LegitScript, compounding-pharmacy language, ""clinician approval not guaranteed"")",Advertorial/PR -> affiliate link -> presumably the same try.heromd.us intake — funnel path UNVERIFIED,"Auto-renew monthly or every two months, cancel before next shipment (matches HeroMD ToS)","Same entity as HeroMD (Cured Med, LLC) if genuinely HeroMD's product — UNVERIFIED","READ THIS BEFORE RELYING ON 4-MAX. Every 4-MAX source I could find is paid press-release distribution carrying an explicit affiliate disclosure (""A commission may be earned on qualifying purchases made through links in this content""), and the product 404s on heromd.us itself, which currently sells only SURGE, PRIME and THE HERO. So 4-MAX is either an affiliate-only funnel SKU, a discontinued product, or PR-inflated. The formulation is also notable for a different reason: apomorphine is not an FDA-approved oral ED drug in the US, which makes a compounded apomorphine ED product a materially higher regulatory risk than a sildenafil/tadalafil blend. Treat the partner's 4-MAX pricing ladder as unconfirmed until someone runs the funnel with a real intake.",https://heromd.us/4-max (404) ; https://www.barchart.com/story/news/2614087/heromd-4-max-reviews-and-complaints-2026-legit-compounded-ed-prescription-or-hype-apomorphine-explained-the-no-refund-rule-and-what-to-verify-before-enrolling ; https://www.accessnewswire.com/newsroom/en/healthcare-and-pharmaceutical/heromd-4-max-review-2026-the-four-ingredient-sublingual-ed-prescripti-1166819 — all retrieved 2026-08-14
HeroMD,ED (sexual health) + hair loss,https://heromd.us,https://www.facebook.com/ads/library/?active_status=active&ad_type=all&country=US&q=heromd&search_type=keyword_unordered,~850 (measured 2026-08-14),"Meta Ad Library active-ad total for keyword ""heromd"" (US, all ad types), retrieved via Apify apify/facebook-ads-scraper onlyTotal mode 2026-08-14. CAVEAT: keyword_unordered search counts any advertiser whose ad matches the term, so this includes affiliate/arbitrage advertisers promoting HeroMD, not only the brand's own page. | agent-reported: 663 | verified via https://www.facebook.com/ads/library/?active_status=active&ad_type=all&country=US&q=HeroMD&search_type=keyword_unordered&media_type=all",Framer-built brand site with per-product long-form PDP/advertorial hybrid; all CTAs push into a hosted multi-step quiz funnel on try.heromd.us,"3 live ED products: SURGE (2-in-1 on-demand ODT), PRIME (4-in-1 daily chewing gum), THE HERO (2-in-1 max dose); plus a hair loss line","SURGE: Sildenafil 80mg + Pycnogenol 50mg (orally disintegrating tablet, fruit-flavored). PRIME: Tadalafil 5mg + Vardenafil 5mg + Vitamin D3 2000 IU + Vitamin K2 1mg (daily chewing gum). THE HERO: Sildenafil 70mg + Tadalafil 20mg.","Compounded — site states verbatim: ""This is a compounded medication. Compounded medications are not FDA-approved but contain FDA-approved active ingredients."" Compounded at Epiq Scripts / Southend Pharmacy / AbsoluteRX / Emerald Compounding.","Only price published outside the gated funnel: ""Start Today for $2.2/dose"" (PRIME). Pack-size ladder and checkout prices sit behind the medical intake quiz and were NOT reachable without submitting fabricated medical data — UNVERIFIED.","UNVERIFIED as listed. Derived only: at the site's stated $2.2/dose, PRIME daily dosing implies ~$66/mo (30 doses). HeroMD does not publish a monthly price pre-quiz.","""TODAY ONLY: GET 1 MONTH FREE*"" sitewide banner (asterisk terms not published on-page); ""60 Night Risk Free Trial"" stated under hero CTAs on both PRIME and SURGE pages",UNVERIFIED — order bumps/double-up upsells occur post-intake at checkout and were not reachable without submitting fabricated medical data. No bumps are exposed on public pages.,"CONFLICT worth flagging: marketing says ""60 Night Risk Free Trial"" and FAQ says ""we offer a satisfaction guarantee on your first order"", but the binding Terms of Service say verbatim: ""Once a prescription product has been approved by a licensed provider and shipped, it cannot be returned or refunded, as required by U.S. consumer safety law.""","Not charged as a separate line item on public pages; claims: ""Licensed physician consultation included"" and consult ""only takes 5 min"". However ToS reserves the right to ""Charge for telehealth consultations"".","Performance/identity: ""Fast. Hard. Reliable. Every single time."" Positions multi-ingredient compounding as superior to single-molecule Viagra/Cialis; discretion angle (gum = partner never sees medication).","""GET STARTED"" (nav, caps), ""Get Started"", ""Learn More"", ""Start Today"", ""Start Today for $2.2/dose"", ""Start Prime Today"", ""Start online visit"", ""TODAY ONLY: GET 1 MONTH FREE*""","Trustpilot widget ""Rated 4.5 / 5 based on 931 reviews""; homepage ""4.8/5"" and ""10M+ Doses Delivered""; ""100,000+ MEN CHOSE TO BE THE HERO""; LegitScript seal (verifiable); HIPAA/FDA-registered-pharmacy badges; VERIFIED BUYER testimonial carousel; PubMed citations in footer; HSA/FSA eligible; ""Same-day / Discreet / Cancel anytime"" trust row",Quiz -> Rx -> ship (2-minute questionnaire on try.heromd.us -> physician review -> compounded pharmacy ships direct; no video visit required),"Auto-renewing subscription billed monthly OR every two months (customer choice), same date each cycle; descriptor ""HEROMD.US""; must cancel before next shipment via dashboard; one account per person; free shipping via USPS First Class; ships all 50 states","Operator entity is Cured Med, LLC, 4401 Ludwig Ln, Stafford, Texas (per ToS). Private; no disclosed revenue, funding or patient count — UNVERIFIED. claims: 10M+ doses delivered; claims: 100,000+ men.","Closest structural analogue to a new compounded-Rx brand: multi-ingredient compounded formulations, gum/ODT novelty formats, price framed per-dose not per-month, and all pricing gated behind the intake so competitors cannot shop the offer. The guarantee is the weak point — the advertised ""60 Night Risk Free Trial"" is contradicted by a hard no-refund clause in the ToS, which is exactly the kind of mismatch that draws FTC/chargeback risk. Do not copy that pattern.",https://heromd.us/ ; https://heromd.us/ed ; https://heromd.us/prime ; https://heromd.us/surge ; https://heromd.us/terms-of-service ; Meta Ad Library URL in column D — all retrieved 2026-08-14
BlueChew,ED (sexual health) — single vertical,https://bluechew.com,https://www.facebook.com/ads/library/?active_status=active&ad_type=all&country=US&q=bluechew&search_type=keyword_unordered,"~3,000 (measured 2026-08-14)","Meta Ad Library active-ad total for keyword ""bluechew"" (US, all ad types), retrieved via Apify apify/facebook-ads-scraper onlyTotal mode 2026-08-14. CAVEAT: keyword_unordered includes affiliate advertisers using the brand name, so this overstates BlueChew's own page count. | agent-reported: 766 | verified via https://www.facebook.com/ads/library/?active_status=active&ad_type=all&country=US&q=BlueChew&search_type=keyword_unordered&media_type=all",Conversion-focused brand homepage with product-tier merchandising; every CTA routes into a quiz then a gated plan-selection page (bluechew.com/plans is JS-gated and would not render to any crawler),"8 chewable/sublingual formulations: SIL (sildenafil), TAD (tadalafil), VAR (vardenafil), DailyTAD, MAX, VMAX, GOLD, ENERGY","GOLD (the 4-in-1 hero, ""#1 Best Seller""): Tadalafil + Sildenafil + Apomorphine + Oxytocin, sublingual. Other tiers: SIL 30mg or 45mg; TAD 6mg or 9mg; VAR 8mg; DailyTAD 9mg tadalafil + multivitamins; MAX = sildenafil + tadalafil; VMAX = vardenafil + tadalafil; ENERGY = sildenafil + caffeine. Per-ingredient mg for GOLD/MAX/VMAX/ENERGY not published — UNVERIFIED.","Compounded — GOLD page states ""Compounded in the USA""","From BlueChew's own cost page: most plans ""~$25/month for 6 doses"" up to ""~$135/month for 34 doses""; GOLD ""~$75/month for 6 doses"" up to ""$269/month for 24 doses""; ""$2-$3 per chew"". Beginner guide states ""BlueChew plans start at $25, plus shipping and tax."" Exact per-plan price table is behind the gated /plans page — UNVERIFIED at plan-level granularity.","~$25/mo entry (6 doses) to ~$135/mo (34 doses) on standard plans; GOLD runs ~$75/mo (6 doses) to $269/mo (24 doses). Per-dose ~$2-$3 standard, ~$11-$12.50 for GOLD at the 6-dose tier (derived: $75/6).","NO free trial is documented anywhere on BlueChew's current site — not on the homepage, the beginner's guide, the returns policy, or the Terms and Conditions. The widely-repeated ""first month free, pay shipping"" offer could NOT be verified as currently live and should be treated as historical or promo-code-gated. UNVERIFIED.",No order bumps exposed pre-account. The upsell architecture is the tier ladder itself: cheap single-molecule entry (SIL/TAD ~$25) escalating to the 4-in-1 GOLD at ~3x the price. American Heroes Program (military/first responder discount) is the only public discount — discount amount UNVERIFIED.,"No guarantee, and explicitly no refunds. Verbatim: ""Unfortunately, BlueChew cannot accept returns for prescription treatments."" And in the ToS: ""Due to the nature of the products and services purchasable through the services any applicable fees and other charges are not refundable in whole or in part.""","$0 — claims: ""our assessments are entirely free"" and every plan includes ""a free online consultation"" and ""the prescription itself (no additional doctor fee)"". Consult cost is absorbed into the subscription.","Format-as-differentiator: chewable instead of a pill, citing an NIH source that ""40% of Americans have difficulty swallowing pills."" GOLD layers on potency claims: ""Up to 3x stronger"", ""Up to 5x faster effects"", ""Up to 8x longer-lasting"".","""GET STARTED"", ""TRY GOLD"", ""GET BLUECHEW"", ""TAKE THE QUIZ"" (caps)","""#1 Best Seller"" badge on GOLD; comparative potency claims (3x/5x/8x); LegitScript seal; dedicated /reviews page; NIH citation for the pill-swallowing stat; American Heroes Program badge; cookie/consent bar; heavy social proof via owned social channels",Quiz -> Rx -> ship (medical intake -> licensed provider -> compounded chewables shipped; ships in as little as 48 hours),"Auto-renewing subscription. ToS: ""Your payment account will be charged the then current rate for the same subscription selected by you... on each automatic renewal date"", renewing ~every 30 days. Cancel via a ""Put On Hold"" button or email support. DISCREPANCY: the ToS requires cancelling ""at least 48 hours before the next billing date"" while the Returns & Refunds page says ""at least 24 hours before your renewal date."" Refunds page also promises ""at least 3 days' notice prior to any changes in standard pricing.""","Private, no audited figures. CEO Steve Sullivan, quoted 2025-09: ""If you add up Hims, Ro, us, and some of the other brands, I think you're probably somewhere between $1 billion and $1.5 billion in revenue from the category"" and the industry is ""growing at 10% to 15%."" BlueChew's own revenue, subscriber count and funding are undisclosed — UNVERIFIED. (Data-broker estimates such as RocketReach's $7.1M are unsourced and should not be quoted to a partner.)","The single most copyable structure in this segment. BlueChew proves you can run a one-vertical brand on format novelty alone (chewable) and monetize depth with a potency ladder rather than discounting: entry at ~$25 for 6 doses, hero 4-in-1 GOLD at ~$75 for the same 6 doses. That is a ~3x ARPU lift with no new customer acquisition cost. Two cautions: they carry a hard no-refund policy with zero guarantee, which suppresses first-order conversion versus guarantee-led competitors, and their own cancellation windows contradict each other (24h vs 48h) — a real chargeback and state-AG exposure a new brand should avoid by publishing one number.",https://bluechew.com/ ; https://bluechew.com/our-stories/bluechew-cost-what-you-need-to-know ; https://bluechew.com/our-stories/beginners-guide-to-bluechew ; https://bluechew.com/return-and-refund ; https://bluechew.com/terms-and-conditions ; https://sherwood.news/business/bluechews-ceo-has-been-playing-the-long-game-in-a-small-noisy-category/ ; Meta Ad Library URL in column D — all retrieved 2026-08-14
Friday Plans,ED only (sexual health),https://fridayplans.com,https://www.facebook.com/ads/library/?active_status=active&ad_type=all&country=US&q=friday%20plans&search_type=keyword_unordered,"~5,500 (measured 2026-08-14)","Retrieved via Apify actor apify/facebook-ads-scraper (onlyTotal mode) on 2026-08-14; direct HTTP to facebook.com/ads/library returns 403 and headless crawls return only the JS shell. CAVEAT: keyword_unordered counts every advertiser whose ad text matches the term, including affiliates, so it is an upper bound on the brand's own ads, not a clean brand count. The unordered figure (5,568) is badly inflated by the common words 'friday' and 'plans'; the exact-phrase query returned 858 on 2026-08-14 and is the number to trust. Exact-phrase URL: same as column D with search_type=keyword_exact_phrase. | agent-reported: 858 (exact-phrase); 5568 on the unordered keyword search | verified via https://www.facebook.com/ads/library/?active_status=active&ad_type=all&country=US&q=Friday%20Plans&search_type=keyword_unordered&media_type=all","Long-form direct-response homepage (hero, trust bar, press strip, 20+ testimonial blocks, guarantee block, cause-marketing block) routing into a gated multi-step intake at intake.fridayplans.com.",Generic Viagra (sildenafil) and generic Cialis (tadalafil).,"Tadalafil as-needed 2.5/5/10/20mg and daily 2.5/5mg; sildenafil 'any dosage, including 100 mg'. Per-pack mg breakdown not published - UNVERIFIED.","Generic and FDA-approved, explicitly NOT compounded. Dispensed by Eagle Pharmacy.","Full pack ladder is gated behind the medical intake. Public claims conflict: 'never charge more than $2 per tablet, even for 100mg doses'; 'just $1.99 a tablet'; and a promo of '9 ED pills for only $7 - just $0.87 per pill. No hidden fees, no catch.' Three different per-tablet prices appear on one site without reconciliation.",UNVERIFIED. Implied $0.87-$2.00 per tablet depending on which on-site claim applies; monthly total depends on the gated pack size.,'9 ED pills for only $7' entry offer. Whether that $0.87/pill rate is intro-only and rises on rebill is UNVERIFIED - and that is the single most important unanswered question about this brand's economics.,"None reachable without entering the gated intake - UNVERIFIED. Auto-refill is the default, per an on-site customer testimonial left live: 'Some people don't like the automatic refills but it's easy to pause them online.'","'TRY RISK-FREE WITH OUR 60-NIGHT 100% MONEY BACK GUARANTEE.' Supporting copy: 'With our 60-Day Money Back Guarantee, you only ever pay for real results' and 'If this isn't the answer you've been looking for, it costs you nothing.' NOTE the internal mismatch between '60-NIGHT' and '60-Day' in adjacent copy.",Not itemized; consult bundled. UNVERIFIED whether $0 or absorbed into product price.,Risk-free trial of a cheap generic - the offer IS the guarantee. Heavy relationship/emotional framing plus cause marketing.,Hero CTA is an icon-only button linking to the intake. 'CHECK ELIGIBILITY' was seen in the rendered page but not reproduced in the raw crawl - MEDIUM confidence. 'Read Now' used on the safety page.,"'As Advertised On' press strip (USA Today, Forbes, MSNBC, FOX, CBS, CNN); 20+ named testimonials with full names but no photos or verified-purchase badges; '2 MILLION TREES' cause-marketing block; trust seals (SureScripts, LegitScript, Norton/DigiCert, 256-bit TLS). NOTE the member counter is inconsistent on a single page: '41,933+ men', '40,933+ Thriving Relationships', and '41,933+ MEMBERS'.","Long-form advertorial-style homepage -> gated intake quiz -> Rx -> ship, auto-refill by default.",Auto-refill subscription by default with an online pause. Cancellation terms at /how-to-cancel not retrieved - UNVERIFIED.,"UNVERIFIED. Caution: searches for 'Friday Plans' funding surface 'Friday Health Plans', an unrelated health insurer that raised $284M and filed for bankruptcy in June 2023. That is a DIFFERENT COMPANY - do not conflate them in the sheet.","The guarantee is the entire offer here, and it is the most aggressive risk reversal of any Rx brand in this set: 60 nights, 100% money back, on a generic that costs pennies. That is the model a new brand should copy - a cheap COGS generic can absorb refunds that a $99 compounded product cannot. Fix what they got wrong: reconcile your per-tablet price to ONE number and your guarantee to ONE unit (nights or days), because three prices and two guarantee units on one page is a chargeback and FTC argument waiting to happen.",https://fridayplans.com ; https://fridayplans.com/viagra ; Meta Ad Library URL in column D - retrieved 2026-08-14
Pilot (Australia),"ED, premature ejaculation, hair loss, acne, weight loss, mental health, sleep, plus an OTC supplement line",https://pilot.com.au,https://www.facebook.com/ads/library/?active_status=active&ad_type=all&country=US&q=pilot.com.au&search_type=keyword_unordered,31,"Retrieved via Apify actor apify/facebook-ads-scraper (onlyTotal mode) on 2026-08-14; direct HTTP to facebook.com/ads/library returns 403 and headless crawls return only the JS shell. CAVEAT: keyword_unordered counts every advertiser whose ad text matches the term, including affiliates, so it is an upper bound on the brand's own ads, not a clean brand count. US-scoped query against an AU-only operator, so this is not a measure of Pilot's real ad scale.","Long-form condition landing pages with heavy social-proof stacking, interactive calculators and video testimonials.","ED and PE plans, hair loss, acne, Weight/Metabolic Reset, mental health, sleep, and OTC 'level ups' (testosterone support, biotin, shampoo, derma rollers).","NOT DISCLOSED for prescription lines, and Pilot says why: 'Advertising regulations prevent us from being more specific with information about treatment options at this stage.' Same Australian legal constraint as Mosh. UNVERIFIED. OTC supplements are disclosed (e.g. Testosterone Support, 60 capsules).","UNVERIFIED for prescription lines. Integration with Australia's eRx exchange implies standard TGA-approved pharmacy dispensing, not US-style compounding.","ALL PRICES AUD. ED: 'Weekend Plan' minimum $134/2 months (~$67/mo) and 'Classic Plan' minimum $84/2 months (~$42/mo); separate tiles also show $49/month and $29/month for 2 months of treatment (tier mapping unclear - MEDIUM confidence). Consult fee $20, separate and refundable. OTC bundles discounted: Testosterone Support & Biotin bundle was $104 now $49; Hair Growth Stack was $88 now $39; biotin was $59 now $29. Weight loss gated behind the quiz, with code START50 for $50 off.","AUD. ED roughly $29-$67/mo depending on tier, plus a one-off $20 consult fee.",'START50 - $50 off your first order' on weight loss. Struck-through was/now discounting on essentially every OTC SKU.,"The entire OTC 'Shop level ups' range functions as the bump layer, sold at visible discounts alongside the prescription plan - a clean way to lift AOV without touching the Rx price.","30-day money-back guarantee on all weight-loss treatment plans, described as 'no questions asked'. Separately, the $20 ED consult fee is refunded if the patient is ineligible or unsatisfied with the recommended options - a narrower, fee-specific guarantee for ED.","YES - $20 AUD consult fee, explicitly separate from the treatment plan and refundable if ineligible. One of the few brands in the set charging a small, visible, refundable consult fee.","Evidence-led and destigmatised, with real patient outcomes and cited clinical trial data.","'Get started', 'Get started today', 'Check your eligibility', 'Find out what's best for me', 'Take the 2-minute quiz'","Interactive weight-loss slider computing expected loss from current weight; Wistia video testimonial; nine named and photographed before/after results with kg and duration; a cited NEJM trial (DOI 10.1056/NEJMoa2206038) supporting an 'over 19% bodyweight loss on average' claim; review widget showing 4.4 average from 1,622 reviews with distribution; Cronulla Sharks NRL sponsorship; '300,000+ consults'; dozens of state-attributed reviews each flagged 'Non incentivised review'.",Quiz -> paid $20 phone consult with an Australian practitioner -> subscription with monthly delivery.,"Subscription with monthly deliveries, 'no lock-ins', free shipping, discreet packaging.","MATERIAL: Pilot is owned by Eucalyptus (which also owns Juniper and Kin). Eucalyptus raised $190M at a $1.37B valuation in November 2025, citing 130% YoY revenue growth. In February 2026 Eucalyptus agreed to be acquired by Hims & Hers in a deal valued at up to US$1.15B, completing in June 2026. Standalone Pilot revenue UNVERIFIED. claims: 300,000+ consults.","The most strategically important non-US row. Pilot looks like a distant foreign operator but is now owned by Hims & Hers, so its AU playbook sits inside a top US competitor - and Hims' Q2 2026 international revenue jumping more than 17-fold to $131M is that acquisition showing up in the numbers. Tactically, copy two things: the small refundable consult fee, which qualifies buyers and funds the consult without killing conversion, and the 'Non incentivised review' label, which is a cheap, honest trust signal almost nobody else uses.",https://pilot.com.au/ ; https://pilot.com.au/erectile-dysfunction ; https://pilot.com.au/weight-loss ; https://www.eucalyptus.health/blog/series-c ; https://www.healthcare.digital/single-post/global-health-convergence-analysis-of-the-1-15-billion-acquisition-of-eucalyptus-by-hims-hers-he ; Meta Ad Library URL in column D - retrieved 2026-08-14
Rugiet,"ED, premature ejaculation, hair regrowth, testosterone, sleep, longevity, weight loss",https://www.rugiet.com,https://www.facebook.com/ads/library/?active_status=active&ad_type=all&country=US&q=rugiet&search_type=keyword_unordered,729,"Retrieved via Apify actor apify/facebook-ads-scraper (onlyTotal mode) on 2026-08-14; direct HTTP to facebook.com/ads/library returns 403 and headless crawls return only the JS shell. CAVEAT: keyword_unordered counts every advertiser whose ad text matches the term, including affiliates, so it is an upper bound on the brand's own ads, not a clean brand count.",Single-hero PDP feeding a fully gated quiz funnel at start.rugiet.com. Pricing is not visible anywhere publicly - the most opaque pricing in this set alongside HeroMD.,"Ready (hero ED), Go Long (PE), Grower (hair), testosterone, Recharge (sleep), Weigh-In (weight loss)","Ready: compounded sublingual 3-in-1 combining Sildenafil, Tadalafil and Apomorphine via a proprietary 'RD-37' delivery system. mg strengths are NOT disclosed publicly - UNVERIFIED.","Compounded, explicitly: 'Ready is a compounded drug product and requires a prescription. Compounded drugs are not approved by FDA and do not undergo review or verification by FDA for safety, effectiveness, or quality.'","NOT PUBLISHED. Confirmed by direct text search of the full product page - no dollar figures appear anywhere. Pricing is gated behind the quiz at start.rugiet.com. FAQ says only: 'If approved for treatment, your initial consultation, prescription medication, and unlimited follow-ups with your doctor are included. No hidden fees, ever.' UNVERIFIED.",UNVERIFIED - no price is published pre-quiz.,"Sitewide sticky banner: 'Buy 2 months of Ready, get 1 free' - roughly a 33% effective discount in exchange for a 3-month commitment.",The buy-2-get-1-free offer is the only public promo. Checkout bumps UNVERIFIED (funnel not entered).,UNVERIFIED. FAQ promises 'no hidden fees' but no satisfaction or money-back guarantee was located.,Bundled into the undisclosed product price per the FAQ; not itemized. UNVERIFIED as a figure.,Potency and speed via a proprietary triple-active formulation plus a branded delivery system (RD-37) that competitors cannot claim.,"'Get Started', 'Start Ready', 'Buy 2 months of Ready, get 1 free', 'Improve performance with Ready'","Star rating with count under the product name: 'Reviews (1,208) 4.3'; claims: '85% of men feel more confident' (site attributes this to an internal survey of just 101 customers - weak evidence); claims: '80% of men prefer Rugiet'; claims: '10M+ doses delivered'; '36 HRS of effectiveness'; LegitScript and HIPAA badges; Trustpilot 'Rated Excellent' badge without a numeric score; press logos (Men's Health, Esquire, Forbes, Inc., Time, WebMD); named physician Dr. Justin Houman.","Quiz -> Rx -> ship, with pricing revealed only inside the funnel.","UNVERIFIED - billing cadence, cancellation and rebill terms are all behind the gate.","Private. Third-party aggregators (Tracxn/Growjo) suggest ~68 employees as of June 2026 and conflicting revenue estimates ($10-25M vs an unverified '$100M+'). claims: '500k+ men'. Reported as 'Official Men's Prescription Partner of the Detroit Pistons' (Feb 2026, secondary source). All financials UNVERIFIED.","The closest direct analogue to a compounded multi-active ED brand, and the clearest proof that a proprietary delivery-system name (RD-37) plus a triple-active blend can support premium positioning without publishing a price. Two cautions: their headline social proof rests on a 101-person internal survey, and apomorphine carries materially more regulatory risk than a sildenafil/tadalafil blend.",https://www.rugiet.com/ ; https://www.rugiet.com/erectile-dysfunction/ready ; Meta Ad Library URL in column D - retrieved 2026-08-14
Ro (Roman),"ED, premature ejaculation, weight loss (GLP-1), hair loss (men's and women's), fertility, skin, herpes/cold sores, lashes",https://ro.co,https://www.facebook.com/ads/library/?active_status=active&ad_type=all&country=US&q=ro.co&search_type=keyword_unordered,8701,"Retrieved via Apify actor apify/facebook-ads-scraper (onlyTotal mode) on 2026-08-14; direct HTTP to facebook.com/ads/library returns 403 and headless crawls return only the JS shell. CAVEAT: keyword_unordered counts every advertiser whose ad text matches the term, including affiliates, so it is an upper bound on the brand's own ads, not a clean brand count. 'ro.co' tokenizes loosely in unordered search so this figure is inflated; treat as an upper bound.",Standard ecommerce/PDP plus an unusually transparent public price list at ro.co/pricing - closer to a retail catalog than a quiz-gated reveal. This is the most price-transparent brand in the set.,"Ro Sparks, Daily Rise Gummies, generic and branded Viagra/Cialis, Roman Swipes, sertraline for PE, finasteride, oral and topical minoxidil, Ro Mane Spray, valacyclovir, LATISSE, Ro Body (GLP-1), Ro Daily multivitamin.",Ro Sparks: Sildenafil 55mg + Tadalafil 22mg. Daily Rise Gummies: Tadalafil 7mg. Generic Viagra 25/50/100mg; generic Cialis 5/10/20mg and daily 2.5/5mg. Roman Swipes: 4% benzocaine.,"Primarily generic, with brand-name offered side by side at a large premium. Ro Sparks is a multi-ingredient combo product.","Ro Sparks $48/mo (4 doses), $72/mo (6), $96/mo (8), $120/mo (10); quarterly plans $15 off every 3 months. Daily Rise Gummies $89/mo, or $69/mo on a 3-month plan. Generic Viagra $4 (25mg), $6 (50mg), $10 (100mg) per dose vs branded Viagra flat $90/dose. Generic Cialis $11 (5mg), $44 (10/20mg); daily 2.5/5mg $8. Finasteride $20/$18/$16 per month at 3/6/12-month prepay. Ro Body membership first month $39, ongoing $74/mo annual prepaid.","ED ranges from $8/mo (daily generic Cialis) to $120/mo (Ro Sparks 10-dose). Per-dose prices are published directly by Ro rather than derived: $4-$10 generic sildenafil, $12/dose for Ro Sparks at the 4-dose tier.","Homepage banner at capture: 'Get $20 off your next ED order on a recurring plan, if prescribed through 6/7' (may be expired). Ro Body first month $39 vs $74/mo ongoing.",No checkout bumps captured (checkout not entered). The real discount mechanism is prepay length - up to 20% off on hair loss at 12-month prepay.,UNVERIFIED - not located.,Not itemized separately; bundled into product price. UNVERIFIED as a standalone line item.,"Transparency and legitimacy - published prices, generic-vs-brand side by side, celebrity endorsers.","'Get started', 'Start losing weight', 'Start now', 'Learn more', 'Visit now'","LegitScript badge; claims: '95% love their experience'; claims: '3,000,000+ members'; celebrity endorsers (Serena Williams, Charles Barkley, Chrissy Metz, Trisha Paytas). No numeric star rating on homepage.","Browse -> quiz/eligibility -> Rx -> ship. Pricing published before the quiz, unlike Rugiet and HeroMD.","Monthly with quarterly, 6-month and 12-month prepay tiers; steepest discounts at 12-month prepay on hair loss. Cancellation terms UNVERIFIED.","Private. Secondary aggregators report ~$1.06B total funding; a Feb 2022 round of $150M led by ShawSpring reportedly valued Ro at $7B, after a 2021 $500M raise at $5B. These rounds do not reconcile cleanly across sources and none is post-2022, so current revenue and valuation are UNVERIFIED. claims: 3,000,000+ members.",Ro is the counter-example to the gated-funnel orthodoxy: it publishes a full price list and still scales. Worth copying if you intend to compete on trust rather than on obscuring a rebill. The specific tactic to steal is showing generic beside brand at $4 vs $90 - the anchor does the selling and no hype copy is required.,https://ro.co/ ; https://ro.co/pricing ; Meta Ad Library URL in column D - retrieved 2026-08-14
Rex MD,"ED/sexual health (hub), plus hair loss, sleep, TRT/testosterone, weight loss",https://www.rexmd.com,https://www.facebook.com/ads/library/?active_status=active&ad_type=all&country=US&q=rex%20md&search_type=keyword_unordered,~48 (measured 2026-08-14),"Retrieved via Apify actor apify/facebook-ads-scraper (onlyTotal mode) on 2026-08-14; direct HTTP to facebook.com/ads/library returns 403 and headless crawls return only the JS shell. CAVEAT: keyword_unordered counts every advertiser whose ad text matches the term, including affiliates, so it is an upper bound on the brand's own ads, not a clean brand count. Both queries returned low counts on 2026-08-14, which is notably small for a brand claiming 500,000 customers - suggesting Rex MD acquires primarily through affiliate, TV and native channels rather than its own Meta page. | agent-reported: 48 (unordered); 37 exact-phrase | verified via https://www.facebook.com/ads/library/?active_status=active&ad_type=all&country=US&q=Rex%20MD&search_type=keyword_unordered&media_type=all","Advertorial-style paid-media landing page on a dedicated conversion subdomain (ed.rexmd.com/sample-pack-1/), reached via TV/affiliate-tagged links (utm_source=tv, AFFID=RexMD), running a sequential order-bump flow BEFORE medication selection.","Generic and branded Viagra, generic and branded Cialis, Cialis Daily, generic vardenafil, Ignite Rx and Ignite Rx Max (combo gummies/chews), Tadalafil Chew. Cross-sells finasteride, ramelteon, TRT and Wegovy Pill.",Ignite Rx: Sildenafil 40mg + Tadalafil 8.5mg (state-gated variant Sildenafil 25mg + Tadalafil 5mg). Ignite Rx Max: Sildenafil 80mg + Tadalafil 17mg. Cialis Daily: Tadalafil 2.5-5mg. Generic Cialis 10-20mg. Generic Viagra 25/50/100mg. Generic vardenafil 10-20mg.,Mix of generic and brand-name (Branded Viagra by Pfizer sold alongside generics). Combo Ignite products are compounded-style multi-active SKUs.,"Per-unit anchors on the live funnel: Cialis Daily 'As low as $1.80 per tablet'; generic Cialis, generic Viagra and generic vardenafil 'As low as $6 per tablet'; Ignite Rx 'As low as $7 per Gummy'; Ignite Rx Max 'As low as $7 per dose'; Tadalafil Chew 'As low as $7 per chew'; Branded Viagra 'As low as $90 per tablet'. Multi-pack grid appears at the next checkout step - UNVERIFIED.",$1.80-$7.00 per dose for generics and combos; $90/tablet for branded. Monthly total depends on the gated pack size.,"ED consult advertised free ('Free Online Consultation', '100% Free Prescription'). The paid intro is the lab/TRT add-on: 'RexMD Comprehensive Lab Testing and First Clinical Consultation - $199, Promo $100 OFF Applied - Just $99', which then converts to '$250 - $299 monthly thereafter' if eligible. That is the clearest verified intro-to-rebill escalation in the entire dataset: $99 one-time becomes $250-299/mo.","THE MOST AGGRESSIVE BUMP STACK IN THIS SET - five sequential offers before medication is even selected: (1) Finasteride 'Normally 54/mo -> 27/mo, 50% OFF, One-time offer', CTA 'Add Finasteride 27/mo'; (2) At-home Testosterone Lab Panel $99 (anchored against $199), CTA 'Add to my order $99'; (3) Ramelteon sleep aid 'Limited-Time Offer: $78/mo - 50% OFF', CTA 'Add Sleep Support $78'; (4) a second finasteride offer at $27 mislabeled under a 'Sleep Great. Guaranteed.' headline (apparent template bug, recorded verbatim); (5) Wegovy Pill 'Simple Pricing. Locked in for every Dose! $349/mo'. Every decline uses the same shaming pattern: 'No thanks, I'll deal with hair loss later.'","UNVERIFIED on the crawled pages, though a 'Satisfaction Guaranteed' trust badge is displayed without linked terms.","ED consult is free. A separate paid diagnostic exists: $199 lab + first clinical consult, promoted at $99.","Speed and free-consult framing on ED, then monetize via cross-category bumps rather than via the ED margin itself.","'Start your free visit' (with sub-label '- Sample Packs Now Available -'), 'CLICK HERE', 'Book a Free Call', 'Add to my order $99', 'Add Finasteride 27/mo', 'Add Sleep Support $78', 'Continue'","Star block '4.84 Based on 376 ratings' with full distribution, but the main site cites Trustpilot 'Rated 4.6 Excellent, 3,524 reviews' - two different ratings across pages. Scale claims also diverge: 'chosen by over 500,000 men' on the funnel vs 'Over 475K Men' and '58+ Million Doses Prescribed' on the main site. 'VERIFIED' testimonials; trust badges (LegitScript, HIPAA, Satisfaction Guaranteed); '#1 ranked ED service in America' (unsourced); named physician Dr. Puopolo; retargeting pixels confirming paid-traffic optimization.",Advertorial/affiliate landing -> sequential order bumps -> medication selection -> Rx -> ship.,"'Monthly refills, or you can reorder your medication as needed'; 'Cancel anytime' stated at the selection step.","Private. Third-party estimator Grips Intelligence reports rexmd.com revenue of $508,851 in June 2026 from 11,460 transactions, and $15.6M in 2025 online-store sales, down 32% versus the prior three months. Directional only, not audited. claims: over 500,000 men.","Study this funnel for bump architecture and nothing else. Five stacked bumps ahead of the core purchase is the highest-AOV structure documented here, and the $99-to-$250/mo lab-to-TRT escalation is a genuinely smart cross-sell into a higher-LTV vertical. But copy the structure with the sharp edges filed off: the decline-shaming copy, the unsourced '#1 in America' claim, the contradictory ratings, and a live template bug offering hair-loss benefits under a sleep headline are all liabilities, and the third-party revenue trend suggests the model may be contracting.",https://www.rexmd.com/viagra ; https://ed.rexmd.com/sample-pack-1/ ; https://gripsintelligence.com/insights/retailers/rexmd.com ; Meta Ad Library URL in column D - retrieved 2026-08-14
EverLife MD,"ED/sexual health (Titan-Rx), women's intimacy (Lovara), hormone support (enclomiphene, sermorelin), sleep, longevity",https://everlifemd.com,https://www.facebook.com/ads/library/?active_status=active&ad_type=all&country=US&q=everlifemd&search_type=keyword_unordered,"50,000 (measured 2026-08-14)","Retrieved via Apify actor apify/facebook-ads-scraper (onlyTotal mode) on 2026-08-14; direct HTTP to facebook.com/ads/library returns 403 and headless crawls return only the JS shell. CAVEAT: keyword_unordered counts every advertiser whose ad text matches the term, including affiliates, so it is an upper bound on the brand's own ads, not a clean brand count. IMPORTANT: the spaced query 'everlife md' returned ZERO, while the actual brand string 'everlifemd' returned 1,623 active ads on 2026-08-14, and the product name 'titan-rx' returned 22. Query string matters enormously here - on the correct string EverLife MD is the third-largest Meta advertiser in this entire sheet, behind only Hims and MEDVi. | agent-reported: 1623 | verified via https://www.facebook.com/ads/library/?active_status=active&ad_type=all&country=US&q=EverLife&search_type=keyword_unordered&media_type=all","Long-form single-product advertorial. The URL pattern /titan-rx/h2 indicates an A/B-tested creative variant, so multiple parallel ad landers exist for the same product.","Titan-Rx (men's ED), Lovara (women's intimacy), Enclomiphene, Sermorelin GHK, Restora-Z (sleep), Optima-rx","Titan-Rx, 'THE 3-IN-1 PERFORMANCE STACK': Tadalafil 6mg + Vardenafil 6mg + L-Arginine 200mg, once-daily capsule, 30 capsules per bottle. Lovara: Tadalafil + Vardenafil + Apomorphine.","Prescription combination capsule blending two generic actives with a supplement ingredient into a proprietary SKU 'available only through Everlife', filled by a licensed US pharmacy. Compounded in substance, though the site does not carry the standard compounding disclosure - a notable gap.","Titan-Rx 'As low as $49.99/Month - Get 49% OFF NOW!'. Lovara 'As Low as $55'. Enclomiphene 'As Low as $79'. No pack ladder - sold as a 30-capsule monthly bottle. The '49% off' baseline is never printed, so the reference price is UNVERIFIED.","$49.99/mo for Titan-Rx (30 daily capsules), roughly $1.67/dose derived.",'Get 49% OFF NOW' with no stated baseline. Whether $49.99 rises on rebill is UNVERIFIED.,None found on the product page - UNVERIFIED beyond the gated intake.,No money-back guarantee. Only a quality claim: 'Our purity guarantee ensures all products are sourced from U.S. pharmacies and meet the highest safety and quality standards.' No refund window stated.,"Bundled: 'Treatment Plan includes free medical evaluation, free shipping and 24/7 support from medical doctor.'",Daily-dosing convenience plus a stack framing - positioned against both 'Standard ED Pills' and 'Male Enhancement Supplements' in a 7-attribute comparison table.,"'Get Started Now', 'get started now!', 'GET STARTED NOW!', 'Claim Your Prescription Today' - capitalization is inconsistent across one page, evidence of CMS block reuse rather than hand-written copy.","claims: 'Over 100,000+ Happy Customers' (consistent across the page); '4.8 Trustpilot Rating' on the product page vs '4.9 Excellent' on the homepage; '#1 Prescribed ED Treatment' (unsourced); a 7-attribute comparison table; five PubMed citations (unusually heavy academic dressing for a DTC ED lander); and an explicit AI disclosure: 'Certain materials on this website, including text, images, and other media, may be generated or enhanced using artificial intelligence technologies... Individuals appearing in advertisements may be actors or models.' Same 4 testimonials repeat 3x down the page.",Advertorial -> free health quiz -> doctor review -> pharmacy delivery.,Monthly subscription implied by the 30-capsule bottle and $49.99/Month pricing. Cancellation terms UNVERIFIED.,"UNVERIFIED. No independent revenue, funding or customer data found. claims: 100,000+ customers is first-party only.","Badly underrated on a first pass and worth a hard look. At 1,623 active ads EverLife is the third-heaviest Meta advertiser in this sheet, yet it sells the cheapest daily combo documented here at $49.99/mo - roughly 25% under HeroMD PRIME - with A/B-tested landing variants (/titan-rx/h2) behind it. That combination of real ad spend plus a low price point is what a scaling DR operation looks like. Copy the AI-content disclosure outright: it is honest, it is fast becoming an FTC expectation, and almost nobody else here has one. Do not copy the gaps - there is no money-back guarantee, no compounding disclosure despite selling what is functionally a compounded combination, and an unsourced '#1 Prescribed ED Treatment' claim, which together are the most likely triggers for the kind of letter MEDVi already received.",https://everlifemd.com ; https://everlifemd.com/titan-rx/h2 ; https://everlifemd.com/treatments?category=sexual-health ; Meta Ad Library URL in column D - retrieved 2026-08-14
Hims,"ED/sexual health, hair loss, weight loss (GLP-1), testosterone, mental health, skin",https://www.hims.com,https://www.facebook.com/ads/library/?active_status=active&ad_type=all&country=US&q=hims&search_type=keyword_unordered,"~1,400 (measured 2026-08-14)","Retrieved via Apify actor apify/facebook-ads-scraper (onlyTotal mode) on 2026-08-14; direct HTTP to facebook.com/ads/library returns 403 and headless crawls return only the JS shell. CAVEAT: keyword_unordered counts every advertiser whose ad text matches the term, including affiliates, so it is an upper bound on the brand's own ads, not a clean brand count. Hims is also the parent of Hers, whose keyword returns 50,001 (Meta's result ceiling). | agent-reported: 1447 | verified via https://www.facebook.com/ads/library/?active_status=active&ad_type=all&country=US&q=Hims&search_type=keyword_unordered&media_type=all",Standard ecommerce category/PDP pages feeding a symptom quiz (hims.com/g/i/sh). Not an advertorial or VSL.,"ED: 3-in-1 Pill, 3-in-1 Hard Mints, Sildenafil Chews, Tadalafil Chews, generic Viagra/Cialis, Sex Rx bundles. Hair: finasteride/minoxidil hybrids, Rx sprays and serums. Weight loss: Wegovy, Zepbound, Ozempic, Mounjaro, Foundayo.","Mixed portfolio rather than one hero. ED combo products are compounded multi-ingredient (mg strengths not published at category level - UNVERIFIED). Weight loss is brand-name GLP-1, not compounded.","Both, and disclosed per category. ED 'Sex Rx' bundles and hair hybrids are compounded, verbatim: 'The featured products include compounded products which have not been approved by the FDA.' Weight loss is FDA-approved brand-name.","ED: generic Viagra from $22/mo, generic Cialis from $24/mo, 3-in-1 Hard Mints and Sildenafil/Tadalafil Chews from $30/mo, 3-in-1 Pill and Sex Rx bundles from $35/mo, Sex Rx + Climax Control from $39/mo. Hair: minoxidil foam $19/mo, finasteride $22/mo, most hybrids $35/mo, Hair Power Pack $60/mo. Weight loss: from $149/mo (Wegovy pill) to $1,899/mo (Mounjaro, Zepbound).","ED $22-$39/mo. Hair $19-$60/mo. Weight loss $149/mo plus a mandatory $149/mo membership after month one, so the true weight-loss floor is about $298/mo ongoing, not the $149 advertised. claims: 'Treatments start as low as $2/dose.'",Weight Loss Membership is $39 for the first month then auto-renews at $149/mo. That first-month discount is the intro offer.,"No checkout order bumps observed on public category pages (checkout not entered - UNVERIFIED). The membership gate, not a bump, is the monetization mechanism.",UNVERIFIED - no guarantee language located on the pages crawled.,"No separate consult fee for ED or hair. Weight loss requires a membership billed separately from medication: '$39 for the first month, auto-renews at $149/month thereafter. Membership is billed separately and does not include or guarantee a prescription. Medication is not available without a membership.'","Category leader positioning - breadth of conditions, brand-name GLP-1 access, and normalized/destigmatized men's health.","'Get started', 'See if Hims is right for me', 'See if treatment is right for me', 'Start losing weight', 'Check for ED symptoms'",LegitScript seal; FDA badge icons on product thumbnails; '32 lbs*' weight-loss stat; app-download QR; FAQ accordions; 'Top Treatments' cross-sell rail. No star rating or countdown timer observed on category pages.,"Quiz -> Rx (async licensed-provider review) -> ship, with a membership gate on weight loss.",Monthly. Weight-loss membership auto-renews $39 -> $149/mo. Cancellation terms not located on crawled pages - UNVERIFIED.,"Public company, NYSE: HIMS (Hims and Hers report as one parent). Q2 2026 revenue $753.2M, up 38% YoY from $544.8M. Subscribers ~2.9M, up 19% YoY (+300k net adds). Q2 net loss $86.3M; adjusted EBITDA ~$60M. FY2026 guidance raised to $3.1-$3.3B revenue. Reported 2026-08-10. Also acquired Eucalyptus (parent of Australia's Pilot) in a deal valued up to US$1.15B, completed June 2026 - international revenue rose more than 17-fold to $131M.","The scale benchmark, but not the model to copy for a compounded-Rx launch. Hims monetizes breadth and a membership gate; a single-product brand cannot. The transferable idea is the membership gate itself ($39 -> $149), which converts a one-time buyer into recurring revenue independent of whether medication ships. Note their gross margin is falling (64% adjusted) as brand-name GLP-1 mix grows, which is the strategic argument FOR staying compounded.",https://www.hims.com/ ; https://www.hims.com/erectile-dysfunction ; https://www.hims.com/hair-loss ; https://www.hims.com/weight-loss ; https://investors.hims.com/news/news-details/2026/Hims--Hers-Health-Inc--Reports-Second-Quarter-2026-Financial-Results/default.aspx ; Meta Ad Library URL in column D - all retrieved 2026-08-14
Health Insider,Female facial hair (content arbitrage publisher),healthinsider.news,https://www.facebook.com/ads/library/?active_status=active&ad_type=all&country=US&q=hirsutism&search_type=keyword_unordered,21 (rendered subset),"LARGEST SINGLE ADVERTISER on ""hirsutism"": 21 of 58 rendered cards (~62 total active US) on 2026-08-14. Site returns HTTP 403 to automated fetches.",Editorial advertorial / quiz-to-app funnel,Health content; monetization model UNVERIFIED (403 on About page),"n/a - publisher, not a product",n/a,No product price published,n/a - publisher,UNVERIFIED,UNVERIFIED,UNVERIFIED,n/a,Editorial/health-news framing wrapped around symptom content,UNVERIFIED (site blocks automated fetch),"Advertorial editorial styling; app-install cards observed in adjacent sweeps (""Trusted by 100,000+ women"" iTunes install cards)",Content arbitrage -> affiliate or app install (UNVERIFIED),UNVERIFIED,Programmatic content publisher,"DEMAND PROOF, NOT A PRODUCT RIVAL. A pure arbitrage publisher is spending more on 'hirsutism' than any actual seller. That only happens when the click monetizes. Confirms the keyword pays before we spend a dollar.",Meta Ad Library https://www.facebook.com/ads/library/?active_status=active&ad_type=all&country=US&q=hirsutism&search_type=keyword_unordered 2026-08-14
1800RxOnline.com (India import),Female facial hair (gray-market import),1800rxonline.com,https://www.facebook.com/ads/library/?active_status=active&ad_type=all&country=US&q=eflornithine&search_type=keyword_unordered,0,No US paid media. PharmacyChecker index only.,Pharmacy listing,"Vaniqa / eflornithine 13.9% cream, 1 tube",Eflornithine 13.9%,Brand/generic import,"$47.74 per tube, free standard shipping from India",$47.74 (1 tube/month assumption),None,Free standard shipping,None,Not disclosed,Cheap import of the reference strength,n/a,Price-comparison table only,Cross-border mail order,None,International mail-order pharmacy,Second gray-market data point. PharmacyChecker lists ZERO US pharmacy prices for eflornithine 13.9% - the US retail channel has effectively vacated the molecule.,https://www.pharmacychecker.com/eflornithine/ 2026-08-14
GoldStarMeds.com (India import),Female facial hair (gray-market import),goldstarmeds.com,https://www.facebook.com/ads/library/?active_status=active&ad_type=all&country=US&q=eflornithine&search_type=keyword_unordered,0,No US paid media. Discovered via PharmacyChecker price index.,Pharmacy listing,"Vaniqa / eflornithine 13.9% cream, 1 tube",Eflornithine 13.9%,Brand/generic import,"$42.97 per tube, free standard shipping from India",$42.97 (assumes 1 tube per month at BID dosing),None,Free standard shipping; import duty may apply at checkout,None,Not disclosed,Lowest global price on the FDA reference strength,n/a (price-comparison listing),Price-comparison table only,Cross-border mail order,None,International mail-order pharmacy,"THE TRUE PRICE FLOOR ON 13.9%. $42.97 undercuts every US telehealth seller. Risk offsets: 2-4 week transit, import seizure, no support. Our guarantee and speed are the counter, not price.",https://www.pharmacychecker.com/eflornithine/ 2026-08-14
Non-Rx advertisers on the hirsutism keyword,Female facial hair (grey-market / non-Rx),Various,https://www.facebook.com/ads/library/?active_status=active&ad_type=all&country=US&q=hirsutism&search_type=keyword_exact_phrase,~62 (measured 2026-08-14),"Meta Ad Library exact-phrase query on the clinical keyword 'hirsutism' returned ~62 active US ads on 2026-08-14. Top advertiser is 'The PCOS Doctor' (facebook.com/pmosdoctor), running since April 2026 with professionally written long-form advertorial copy that opens: 'This simple three-step method can visibly reduce coarse hormonal facial hair regrowth in as little as a few weeks... and it takes about fifteen minutes. But that's not what I want to talk to you about today.' | agent-reported: ~62 | verified via https://www.facebook.com/ads/library/?active_status=active&ad_type=all&country=US&q=hirsutism&search_type=keyword_unordered&media_type=all",Long-form first-person advertorials,"Devices, waxes, supplements, and laser and electrolysis services sold against the hirsutism keyword",Non-prescription,Non-prescription,Wide range,Varies,Various,Various,Various,Not applicable,Emotional PCOS-identity and hormonal-shame angles rather than clinical claims,Various,Long-form first-person advertorial storytelling; open-loop hooks that defer the pitch; PCOS community identity framing,Advertorial to cart,Various,Not applicable,DEMAND PROOF AND THE COPY SCHOOL TO STUDY. Roughly 62 active ads on the clinical term 'hirsutism' are being run by non-prescription operators using professionally written direct-response advertorials. Nobody spends continuously on advertorial creative against a term that does not convert. The pain converts. The category simply has no credible prescription brand claiming it.,"https://www.facebook.com/ads/library/?active_status=active&ad_type=all&country=US&q=hirsutism&search_type=keyword_exact_phrase + Meta Ad Library, verified 2026-08-14"
Aurlux,Female facial hair (grey-market topical),aurlux.co,https://www.facebook.com/ads/library/?active_status=active&ad_type=all&country=US&q=hirsutism&search_type=keyword_unordered,10 (rendered subset),"10 of 58 rendered cards on ""hirsutism"" (~62 total active US). Also 9 cards on ""facial hair women"" and 7 on ""chin hair"". Multi-keyword buyer = the most aggressive grey operator in this niche.",Long-form advertorial/listicle -> product page,Hair Removal Trilogy Kit; Hair Inhibiting Oil $13.99; Face Exfoliator; Ingrown Hair Serum,Botanical hair-inhibiting oil (no active drug),Non-Rx cosmetic,"""Buy 1 Get 1 Free"" 2-pack $31.99 (reg $78.99); ""Buy 2 Get 2 Free"" 4-pack $55.99 (reg $138.99); Ultimate Bundle 4-pack + body kit $71.99 (reg $178.99); or 4 payments of $9.99","~$14/mo (4-pack $55.99 assuming 1 pack per month - supply length not published, ASSUMPTION)",Up to 75% off framed as the entry offer,Extra 5% off code AURLUXDAYSALE; free Face Exfoliator; free Ingrown Hair Repair Serum on top tier; free shipping over $40,"60-Day Money Back Guarantee, ""completely Risk-Free experience""",None (no Rx),"""5 Reasons Women Are Ditching Traditional Hair Removal Methods"" - speed plus hormonal/PCOS hair, anti-laser, anti-wax","""GET SMOOTH SKIN NOW"" / ""I WANT EASY SMOOTH SKIN NOW"" / ""GET UPTO 75% OFF TODAY"" / ""CHECK AVAILABILITY""","claims: 4.85/5 from 20,000+ reviews; claims: 240,000+ happy customers; ""96% Sold"" low-stock bar; LIMITED TIME SALE countdown; before/after imagery; BOGO bundle ladder; 4-payment split",Advertorial -> bundle-ladder cart,None (one-time bundles only),"claims: 240,000+ customers (unverifiable)","THE PACESETTER FOR GREY CREATIVE. Buys 3 of our keywords simultaneously. No active drug, no doctor, no Rx - yet outspends most Rx sellers on 'hirsutism'. Beat them on the one thing they cannot claim: a real prescribed molecule.",https://aurlux.co/pages/instantly-remove-hair + https://aurlux.co/products/hair-removal-trilogy-kit + Meta Ad Library 2026-08-14
CyperGlow,Female facial hair (grey-market topical),cyperglow.com,https://www.facebook.com/ads/library/?active_status=active&ad_type=all&country=US&q=hirsutism&search_type=keyword_unordered,8 (rendered subset),"8 of 58 rendered cards on ""hirsutism"" (~62 total active US), plus dedicated CYPERGLOW.COM link cards. Sustained buyer on the exact clinical keyword.",Product landing page,Cyperus Rotundus Skin Serum (V3 formula),Cyperus rotundus botanical extract (no active drug),Non-Rx cosmetic,$39.99 one-time,$39.99 (assumes 1 bottle/month - supply length not published),None; price is the entry offer,Free shipping included; Klarna available; no order bumps observed,365-Day Money-Back Guarantee,None (no Rx),"""The Ancient Egyptian Secret"" - claims: makes unwanted hair progressively thinner until barely visible; claims: no hormonal side effects","""SHOP OUR BEST SELLER"" / ""ADD TO CART - $39.99""","claims: 4.8/5 from 4,700+ reviews; claims: 175,000+ customers; 6-month transformation timeline graphic; before/after gallery; objection-handling FAQ",Ad -> product page -> cart,Subscription referenced in nav but not priced,"claims: 175,000+ customers (unverifiable)",365-DAY GUARANTEE IS THE LONGEST IN THE ENTIRE FIELD - longer than any Rx seller offers. They buy trust with refund length because they have no molecule. We can match the term AND have the molecule.,https://cyperglow.com/products/cyperus-rotundus-skin-serum 2026-08-14
Eyeamuko,Female facial hair (grey-market topical),eyeamuko.com (DNS did not resolve on fetch),https://www.facebook.com/ads/library/?active_status=active&ad_type=all&country=US&q=hirsutism&search_type=keyword_unordered,8 (rendered subset),"8 of 58 rendered cards on ""hirsutism"" (~62 total active US). Ad cards route through CYPERGLOW.COM link text, suggesting shared infrastructure with CyperGlow.",UNVERIFIED (domain unreachable),UNVERIFIED,UNVERIFIED,Non-Rx (inferred from ad creative),UNVERIFIED,UNVERIFIED,UNVERIFIED,UNVERIFIED,UNVERIFIED,None,UNVERIFIED,"""Learn more""",UNVERIFIED,Ad -> CyperGlow-linked destination,UNVERIFIED,UNVERIFIED,"LIKELY A SECOND CREATIVE FRONT FOR CYPERGLOW - its ad cards carry CYPERGLOW.COM as the destination domain. One operator running two brand faces on the same keyword is a scale tell, and it means the real CyperGlow ad count is ~16, not 8.",Meta Ad Library https://www.facebook.com/ads/library/?active_status=active&ad_type=all&country=US&q=hirsutism&search_type=keyword_unordered 2026-08-14
Kare Pharmacy (kare-rx),Female facial hair (Rx compounded),kare-rx.com,https://www.facebook.com/ads/library/?active_status=active&ad_type=all&country=US&q=eflornithine&search_type=keyword_unordered,0,Not present in any keyword sweep. No paid media.,Login-gated catalog page,"Compounded eflornithine cream 7% and 14% (14% labeled ""Most prescribed"")",Eflornithine 7% / 14%,Compounded,Pricing hidden behind sign-in,UNVERIFIED - sign-in required,None,None,None stated,Not disclosed,Prescriber-facing compounding catalog; custom strength availability,"""View Pricing & Options"" / ""Request a custom strength""",Login wall; no consumer CRO elements at all,Prescriber account -> fill,None,Compounding pharmacy,PROOF THAT 14% IS ROUTINELY COMPOUNDED AND CALLED 'MOST PRESCRIBED'. Useful third-party support for going above Musely's 6%. Not a consumer competitor.,https://www.kare-rx.com/products/eflornithine-cream 2026-08-14
Restorative Compounding Pharmacy,Female facial hair (Rx compounded),restorativecompounding.com,https://www.facebook.com/ads/library/?active_status=active&ad_type=all&country=US&q=eflornithine&search_type=keyword_unordered,0,"Not present in Meta Ad Library keyword sweeps (hirsutism ~62, eflornithine ~34). Zero paid presence; prescriber-referral led.",Product page (prescriber-gated),"Compounded eflornithine cream, custom strengths","Eflornithine, custom %",Compounded,Price not displayed on product page (shows $0.00 placeholder),UNVERIFIED - no public price,None,None,None stated,Not disclosed,Clinical efficacy for facial hair reduction via enzyme inhibition; positioned as adjunct to laser,"""Request More Information"" (patients) / ""Request Prescribing Access"" (prescribers)","Dual patient/prescriber paths; clinical framing; no reviews, no urgency, no guarantee","Prescriber-referral -> pharmacy fill (B2B2C, not DTC)",None,Single-location compounding pharmacy,NOT A DTC COMPETITOR. Cannot buy without an outside prescriber. Confirms supply exists but nobody is merchandising it. Their price opacity is our opening.,https://www.restorativecompounding.com/products/p/compounded-eflornithine-cream-facial-hair-reduction 2026-08-14
Centro de Estetica by Keity,Female facial hair (Spanish local service),instagram.com (IG-only advertiser),https://www.facebook.com/ads/library/?active_status=active&ad_type=all&country=US&q=hirsutismo&search_type=keyword_unordered,present in ~6 total,"One of only ~6 total active US ads on the Spanish clinical term ""hirsutismo"". Ad running since Dec 11, 2025 (Library ID 2717885335234350) - a long-lived evergreen creative.",Instagram profile (no website funnel),In-clinic permanent hair removal protocol,n/a - service,n/a - service,No price published,"UNVERIFIED - local service, quote by DM",None,None,None,n/a,"Spanish destigmatization hook: ""Puede parecer raro ver a una mujer con vello en la barbilla, pero creeme, es mucho mas comun de lo que imaginas""","""Visit Instagram profile"" / DM-based (""escribenos"")","Viral-case hook (""Este caso se ha vuelto viral""); 1-minute video; DM-to-book, no landing page at all",IG ad -> DM -> in-clinic booking,None,Single aesthetics clinic,THE ONLY SUSTAINED ADVERTISER ON 'HIRSUTISMO' AND IT IS A SINGLE LOCAL SALON WITH NO WEBSITE. The best Spanish emotional hook in the category is being written by a clinic that cannot fulfill nationally. That hook is copyable and the demand behind it is unclaimed.,Meta Ad Library https://www.facebook.com/ads/library/?active_status=active&ad_type=all&country=US&q=hirsutismo&search_type=keyword_unordered 2026-08-14
Soline Beauty,Female facial hair (Spanish-language DTC),solinebeauty.com,https://www.facebook.com/ads/library/?active_status=active&ad_type=all&country=US&q=vello%20en%20la%20cara&search_type=keyword_unordered,6 (rendered subset),"6 of 96 rendered cards on ""vello en la cara"" (~100 total active US), with SOLINEBEAUTY.COM destination cards. Spanish creative.",Spanish-language DTC storefront,Aceite de Cyperus Rotundus $39.99; Exfoliante Preparador de Foliculos $19.95; Mascarilla Nocturna de Colageno $24.95; Roller para Vellos Encarnados $24.95; Suero Iluminador Bikini y Axilas $38.95,Cyperus rotundus botanical oil,Non-Rx cosmetic,$39.99 hero oil; full catalog $19.95-$39.95,"$39.99 (hero oil, 1 bottle/month assumption)",None observed,No bundles or compare-at pricing shown,None stated on catalog page,None (no Rx),Spanish-first hair-reduction routine with adjacent ingrown-hair and brightening SKUs,"""Add"" / ""Continue shopping"" (bilingual interface)",Bilingual ES/EN interface; product names trademarked in Spanish; no reviews or ratings displayed,Spanish ad -> bilingual DTC storefront,None observed,Small Shopify DTC,"SECOND SPANISH OPERATOR, SAME MOLECULE-FREE PLAYBOOK AS CYPERGLOW (cyperus rotundus at ~$40). Product names are localized, not just translated. Weakness: zero reviews, zero guarantee - all acquisition, no trust infrastructure.",https://solinebeauty.com/ + Meta Ad Library 2026-08-14
Velare Beauty,Female facial hair (Spanish-language DTC),velare-beauty.com,https://www.facebook.com/ads/library/?active_status=active&ad_type=all&country=US&q=vello%20en%20la%20cara&search_type=keyword_unordered,18 (rendered subset),"LARGEST SPANISH-LANGUAGE ADVERTISER FOUND: 18 of 96 rendered cards on ""vello en la cara"" (~100 total active US), plus presence on ""vello facial mujer"" (~4 total) and ""vello facial"" (~130 total). Fully Spanish ad copy.",DTC product page (storefront supports 24+ regions),Topical hair-growth-reduction product (Velare); Priority Processing bump $3.49,"Botanical topical, no active drug",Non-Rx cosmetic,Product tier pricing not retrievable (product URLs 404 / listing truncated); Priority Processing order bump $3.49 confirmed,UNVERIFIED - exact tiers not retrieved,LIMITED-TIME AUGUST SALE,Priority Processing order bump $3.49 at cart,60-Day Money-Back Guarantee,None (no Rx),"Spanish anti-laser/anti-wax: ""Cansado/a de afeitarte, depilarte con cera o lidiar con tratamientos laser dolorosos?"" - claims: crecimiento mas lento, vello mas fino, sin dolor, sin citas","""Shop now"" on English store; ad-level CTA in Spanish (""Prueba Velare sin riesgo hoy mismo"")",Order bump at cart; 60-day guarantee banner; FDA disclaimer present; multi-currency,Spanish creative -> English DTC storefront,"Manage Subscription link present, not priced",Multi-region Shopify DTC,THIS ROW REFUTES THE 'NO SPANISH COMPETITOR' THESIS. Velare runs native Spanish video creative at real volume. BUT note the seam: Spanish ad -> English checkout. The Spanish speaker is being acquired in her language and then sold in someone else's.,https://velare-beauty.com/ + Meta Ad Library https://www.facebook.com/ads/library/?active_status=active&ad_type=all&country=US&q=vello%20en%20la%20cara&search_type=keyword_unordered 2026-08-14
Lepilon Beauty,"Female facial hair (Spanish-language DTC, EU-priced)",lepilon.com,https://www.facebook.com/ads/library/?active_status=active&ad_type=all&country=US&q=vello%20facial%20mujer&search_type=keyword_unordered,4 (rendered subset),"Present on ""vello facial mujer"" (~4 total active US) and 4 of 96 rendered cards on ""vello en la cara"" (~100 total). Ad hook: ""Smooth skin without laser or tweezers"".",DTC storefront (EUR pricing),Cyperus Rotundus Hair Growth EUR39.95; PDRN Collagen Volume Balm EUR26.95; Cryo-Thermo Sculpting Gel EUR44.95; Multi-Balm EUR30.95,Cyperus rotundus botanical,Non-Rx cosmetic,EUR39.95 hero SKU (~$43 USD at parity-ish; FX not locked),"~$43 (1 unit/month assumption, FX UNVERIFIED)","""UP TO 65% OFF"" limited-time banner",No bundle tiers displayed,"No explicit money-back guarantee; disclaimer ""Results may vary from person to person""",None (no Rx),"Anti-laser, anti-tweezer convenience framing","""Shop Now""","claims: 100,000+ Happy Women; Trustpilot badge; 65% off banner; no star rating shown",Ad -> storefront,None observed,Small multi-region DTC,THIRD CYPERUS-ROTUNDUS SELLER TARGETING SPANISH SPEAKERS IN THE US WHILE PRICING IN EUROS. Charging a US Latina in EUR with no guarantee is a conversion tax. Easy to beat on trust alone.,https://lepilon.com/ + Meta Ad Library 2026-08-14
Amazon One Medical,"General primary care and urgent/on-demand virtual care; chronic condition management, labs, prescriptions",https://www.amazon.com/onemedical,https://www.facebook.com/ads/library/?active_status=active&ad_type=all&country=US&q=one%20medical&search_type=keyword_unordered,529 (exact-phrase); unordered hits the 50001 ceiling,"Retrieved via Apify actor apify/facebook-ads-scraper (onlyTotal mode) on 2026-08-14; direct HTTP to facebook.com/ads/library returns 403 and headless crawls return only the JS shell. CAVEAT: keyword_unordered counts every advertiser whose ad text matches the term, including affiliates, so it is an upper bound on the brand's own ads, not a clean brand count. The unordered query returned 50,001 (Meta's ceiling) because 'one' and 'medical' are extremely common; the exact-phrase query returned 529 on 2026-08-14 and is the usable figure.",Amazon retail-integrated membership and pricing-comparison page - closer to a SaaS pricing-tier page than a DTC funnel.,"Access to care, not products: Membership (ongoing primary care) and On-Demand Care (one-off telehealth).",N/A - no formulated product. Prescriptions route to Amazon Pharmacy or the patient's chosen pharmacy.,N/A - pure consult access.,"Membership $99/year for Prime members; additional family members $66/year each (up to 5). Non-Prime standalone membership $199/yr via OneMedical.com. On-Demand Care: message-based from $29, video from $49, varying by state.",$8.25/mo effective for Prime members ($99/yr); $16.58/mo for non-Prime ($199/yr). On-Demand Care is not a subscription at $29 per message visit or $49 per video visit.,"The Prime price IS the offer: $99/yr against a $199/yr standalone price, a 50% Prime-linked discount used as the headline hook.",Family-member add-on at $66/yr (versus $99 for the primary member) functions as the bundle upsell.,UNVERIFIED - no guarantee or refund language on the page crawled.,"Membership grants 24/7 on-demand video and messaging at no extra cost, but scheduled visits are billed separately: 'Appointments are billed to you or your insurance.' Self-pay visits are flagged as a distinct option.","Trust, price and convenience through Amazon distribution rather than condition-specific persuasion.","'Sign in', 'Buy additional memberships (up to 5)'",Price anchoring ($199 standalone shown against $99 Prime price); direct cross-sell to Amazon Pharmacy; plan-comparison table rather than a single hero CTA; claims: '200+ offices'.,Membership-gated primary care plus a non-membership per-visit tier -> insurance billing or self-pay -> Amazon Pharmacy or the patient's own pharmacy.,Two tiers: $99/yr Prime-linked (+$66/yr per family member) and $199/yr standalone; plus transactional On-Demand Care.,"Amazon acquired One Medical for $3.9 billion all-cash, agreed at $18/share in July 2022 and closed February 22, 2023. (Bloomberg framed the figure as $3.49B on an alternate enterprise-value basis; $3.9B is the more widely reported number.) Standalone patient count and revenue UNVERIFIED.","Not a competitor, but it is the reason a compounded brand should never compete on the word 'affordable' alone. Amazon can sell a year of primary care for $99 and lose money on it. Compete on formulation, format and speed - things a general primary-care membership structurally cannot deliver for a specific condition.",https://www.amazon.com/onemedical ; https://www.cnbc.com/2023/02/22/amazon-closes-deal-to-buy-primary-care-provider-one-medical.html ; https://www.aboutamazon.com/news/company-news/amazon-and-one-medical-sign-an-agreement-for-amazon-to-acquire-one-medical ; Meta Ad Library URL in column D - retrieved 2026-08-14
SkinnyRx,GLP-1 weight loss telehealth,skinnyrx.com,https://www.facebook.com/ads/library/?active_status=active&ad_type=all&country=US&q=SkinnyRx&search_type=keyword_exact_phrase,~88,"Meta Ad Library exact-phrase query returned ~88 active US ads on 2026-08-14 with the SkinnyRx page as top advertiser; creatives launched August 6 and August 7 2026, indicating an active scaling push in the days before this research",Product-grid landing page with an intake flow,"Compounded tirzepatide tablets, compounded injectable tirzepatide, compounded semaglutide, plus FDA-approved Wegovy and Foundayo","Compounded tirzepatide tablets, a once-daily oral, is the lead SKU, with a microdose option available",Compounded and brand,Compounded tirzepatide tablets from $299/month,$299/month,None observed,Buy Now Pay Later financing offered; FSA/HSA eligible for reimbursement,None stated,Not itemized; bundled into the medication price,Weight care actually figured out; clinician-guided care rather than just a prescription,Get Started,Buy Now Pay Later badge and FSA/HSA eligibility as the primary friction removers; 'Microdose available' as a product-tier signal; FDA-approved medication names used as trust anchors. No star ratings or review counts,Product grid to intake to Rx,Monthly subscription,UNVERIFIED,PRICE-CEILING PROOF AND A FINANCING LEVER. $299/month for a compounded telehealth product with active Meta buying behind it shows the cash-pay ceiling here sits far above $99. Their Buy Now Pay Later integration is the single most directly copyable tactic in this sheet: it converts a price objection into a payment-terms conversation without discounting.,"https://www.skinnyrx.com/ + Meta Ad Library, verified 2026-08-14"
Happy Head,Hair loss (compounded topical),happyhead.com,https://www.facebook.com/ads/library/?active_status=active&ad_type=all&country=US&q=Happy%20Head&search_type=keyword_unordered,UNVERIFIED,"UNVERIFIED. The keyword 'Happy Head' returned 50,000 results on 2026-08-14, but inspection of the visible advertisers showed the query was matching the common words rather than the brand (results were dominated by unrelated pages such as Cholesterol Relief Community, The Blood Pressure Journal, Essential Sleep Hacks). The brand page 'Happy Head' appeared only once. This count must NOT be reported as brand ad volume.",,Compounded topical finasteride/minoxidil formulations,,Compounded,,,,,,,,,,Quiz -> Rx -> ship,,,Flagged deliberately as a measurement trap: generic-word brand names cannot be sized with Ad Library keyword search. Any count quoted for this brand from a keyword sweep is meaningless. Requires page-level lookup to size properly.,Meta Ad Library 2026-08-14
Mosh (Australia),"Hair loss, ED, premature ejaculation, mental health, weight loss, skincare",https://www.getmosh.com.au,https://www.facebook.com/ads/library/?active_status=active&ad_type=all&country=US&q=mosh&search_type=keyword_unordered,863 (identical on unordered and exact-phrase),"Retrieved via Apify actor apify/facebook-ads-scraper (onlyTotal mode) on 2026-08-14; direct HTTP to facebook.com/ads/library returns 403 and headless crawls return only the JS shell. CAVEAT: keyword_unordered counts every advertiser whose ad text matches the term, including affiliates, so it is an upper bound on the brand's own ads, not a clean brand count. Query was US-scoped while Mosh is AU-only, so this count reflects unrelated US advertisers using the word 'mosh' rather than Mosh's own spend.",Long-form condition landing pages plus a consolidated public pricing page - unusually transparent for the category.,"Hair loss plans, ED and PE plans, mental health therapy and medication, weight loss program, Rx skincare, OTC health store.","NOT DISCLOSED, and Mosh says why, verbatim: 'Why can't we say the names of things we sell? Legislation means that we aren't allowed to mention specific drug names.' Australian therapeutic advertising law bars naming prescription-only medicines in consumer advertising. Formulation is therefore UNVERIFIED by legal constraint, not by research failure.",UNVERIFIED for the same reason. Mosh does not appear to run its own pharmacy - prescriptions are filled 'at a pharmacy of your choice'.,"ALL PRICES AUD. Hair loss: Prevention from $24/mo, Prevention & Regrowth from $44/mo, advanced from $56/mo. Weight loss: month one from $249 with code MOSHINTRO100; dietitian add-on $50/session. ED from $1.50/day; PE from $2/dose. Mental health: therapy from $52/session with a Mental Health Care Plan or $150 without, counsellor from $65/session, medication from $59/mo. Skincare from $75/3 months.",AUD. ED about $45/mo derived from $1.50/day; hair loss $24-$56/mo; weight loss from $249 in month one (recurring price not disclosed - UNVERIFIED).,"'$100 off your 1st month of weight loss with code MOSHINTRO100', subject to a minimum 3-month commitment.",Dietitian add-on at $50/session is an explicit attached upsell. Also a Price Match Guarantee: 'Should you find a better price elsewhere on a substantially comparable product or service... we'll match it and give you a bonus gift.',"'30-Day Money Back Guarantee - If your treatment just isn't right, you have 30 days to change your mind and receive a refund', plus the separate Price Match Guarantee. Two distinct guarantee mechanisms layered together.",Not broken out - the practitioner consult is bundled into plan pricing. UNVERIFIED whether a consult-only fee exists.,"Destigmatised, plain-spoken Australian men's health - 'Aussie practitioners', taboo-breaking tone.","'Take free quiz', 'Take the quiz', 'Check eligibility', 'Find my treatment', 'Start my free consultation'","Named video-style testimonials; before/after photo pairs with named patients, kg lost and timeframe; a comparison table anchoring against 'Weight Loss Surgery (up to $25,000)'; embedded BMI calculator; accreditation badges (NSQPCH, QIP, LegitScript, ISO 27001); press logos (AFR, Business Insider, Men's Health, SMH). NOTE inconsistent scale claims: 'Over 150,000 subscribers' sitewide vs 'Over 75,000 customers' on the weight-loss page.","Quiz -> practitioner consult -> subscription with recurring delivery, filled at a pharmacy of the patient's choice.","Recurring monthly, cancel anytime; weight-loss intro requires a 3-month minimum commitment.","Total funding AUD $31.1M across 3 rounds from 8 investors, most recently $25M on 2022-01-20. Investors include Alex Waislitz (Thorney), Tinder co-founders Justin Mateen and Sean Rad, Billy Slater, Parc Capital, Regal Funds Management and Washington H. Soul Pattinson. Revenue UNVERIFIED. claims: 150,000+ subscribers.","Does not serve the US. The transferable idea is the double guarantee - pairing a simple 30-day money-back promise with a price-match guarantee removes both the 'what if it doesn't work' and the 'what if I overpay' objections at once, and the price-match costs almost nothing in a category where nobody publishes comparable prices.",https://www.getmosh.com.au/ ; https://www.getmosh.com.au/pricing ; https://www.getmosh.com.au/weight-loss ; Meta Ad Library URL in column D - retrieved 2026-08-14
Manual (UK),"Hair loss, ED/sexual health, low testosterone (TRT); GLP-1 adjacent",https://www.manual.co,https://www.facebook.com/ads/library/?active_status=active&ad_type=all&country=US&q=manual.co&search_type=keyword_unordered,2457,"Retrieved via Apify actor apify/facebook-ads-scraper (onlyTotal mode) on 2026-08-14; direct HTTP to facebook.com/ads/library returns 403 and headless crawls return only the JS shell. CAVEAT: keyword_unordered counts every advertiser whose ad text matches the term, including affiliates, so it is an upper bound on the brand's own ads, not a clean brand count. Heavily inflated - 'manual' is a common word, and the query was US-scoped while Manual is UK-only. Treat this number as unusable for Manual's real scale.","Long-form condition landing pages, with TRT on its own subdomain (trt.manual.co).","Complete Hair Loss Plan (finasteride + minoxidil), standalone finasteride and minoxidil plans, hair vitamins, shampoo; sildenafil, tadalafil, branded Viagra; injectable, topical and oral TRT.","Sildenafil 50mg and 100mg; tadalafil 5mg, 10mg, 20mg; testosterone cream labelled 200mg. Also cross-promotes a Wegovy 2.4mg semaglutide pen.","Generic and branded medication dispensed through a GPhC-registered UK pharmacy (Manual Pharmacy, premises reg. 9012134). Not US-style compounding.","ALL PRICES GBP. ED: sildenafil from £1.67/pill, tadalafil from £2.57/pill, branded Viagra from £8/pill. TRT blood tests: at-home finger-prick £33.95, enhanced/venous from £49.95, test + clinic appointment £79.95, test + at-home nurse visit £119.95. Specialist doctor consult £79.95. TRT medication from £99/month: oral £99/mo, injectable £99-£169/mo, topical £129-£169/mo (upper bounds shown inconsistently as £159 vs £169 across modules on the same page). Monitoring bloods 'normally £70' stated as free within the plan. Marketing line: 'Medications start from as little as £5/day.'",GBP. TRT £99-£169/mo plus £33.95-£119.95 of upfront testing and a £79.95 consult. ED is per-pill from £1.67.,'Get 50% off blood test' with code 50OFFSIGNUP on the TRT funnel.,The testing ladder itself is the upsell: four escalating test tiers from £33.95 to £119.95 before medication is prescribed.,"A genuinely detailed 'Money Back Promise', but only for the Hair Loss Treatment Service. Window 180-210 days after first shipment. Requires consistent use for 180 days, first-time-user status, and a MINIMUM OF 5 SETS OF PROGRESS PHOTOS at 28-35 day intervals showing crown and temples unobscured. Refunds only the treatment subscription cost, explicitly excluding cosmetics, supplements and consultation fees, capped at payments made in the window, and 'can only be redeemed once per account.'","YES, itemized and separate on TRT: 'Speak to a specialist Doctor' at £79.95, charged on top of blood testing and before medication. ED and hair loss bundle the consult into per-pill pricing.","Clinical credibility and a structured pathway - test first, then treat.","'BROWSE HAIR', 'BROWSE ED' (nav). Primary in-page purchase button text could NOT be isolated - UNVERIFIED, not guessed.","Trustpilot badge shown inconsistently (TrustScore 4.2 on the homepage, 4.5/5 elsewhere); named Trustpilot testimonials; claims: 'More than 100,000 men trust our treatment plans'; tiered cost-comparison table on TRT; press logos (Guardian, TechCrunch, Independent, ITV, Metro).",Long-form lander -> blood test -> paid specialist consult -> UK pharmacy dispensing -> monthly subscription.,Recurring monthly for TRT and hair loss; per-pill framing on ED with a sitewide 'cancel anytime' USP.,"Series A $30M (March 2021) from Sonoma Brands, Waldencast, Felix Capital, Cherry Ventures, FJ Labs and GISEV. Series B reported September 2024 at $38.5M / £29M led by Felix Capital with Cherry and Octopus Ventures, taking total funding above £50M. The site footer now links careers and brand pages to 'Voy' (joinvoy.com), suggesting a rebrand or restructure under that parent - single-source, in-page only, MEDIUM confidence.","DOES NOT SERVE THE US - Manual's own help centre confirms it ships only within the UK. Its guarantee is the most instructive artifact here: a 180-day money-back promise that requires five timestamped photo sets is a guarantee engineered to be advertised loudly and claimed rarely. That is either the smartest or the most cynical risk reversal in this sheet depending on your ethics, and it is worth deciding deliberately which side of that line a new brand wants to sit on.",https://www.manual.co/ ; https://www.manual.co/erectile-dysfunction/sex-health-treatment ; https://trt.manual.co/how-it-works ; https://www.manual.co/pages/guarantee ; https://techcrunch.com/2021/03/30/mens-health-startup-manual-raises-30m-series-a-from-us-and-european-investors/ ; Meta Ad Library URL in column D - retrieved 2026-08-14
Joi Women's Wellness,Hormone optimization / women's wellness telehealth,UNVERIFIED (joiwomenswellness.com did not resolve during this pass),https://www.facebook.com/ads/library/?active_status=active&ad_type=all&country=US&q=Joi%20Women%27s%20Wellness&search_type=keyword_exact_phrase,0,Meta Ad Library exact-phrase query returned an empty results page on 2026-08-14. No brand-owned active US ads confirmed,UNVERIFIED; the domain did not resolve during this research pass,"Hormone optimization and peptide therapy, comprehensive lab biomarker panels, personalized health reports, 1:1 coaching, virtual check-ins, messaging and private group coaching workshops",No topical hero formulation; the offer is hormone optimization plus labs,Compounded hormone therapy,"$25 initial online healthcare visit, then a $150.00 per quarter subscription including provider visits and a full hormone lab panel at the 6-week mark, then quarterly visits and labs. Medication cost is explicitly NOT included in the $150 subscription","$50/month equivalent from the $150 quarterly subscription, plus medication cost on top",$25 initial online healthcare visit,None observed,None stated,$25 one-time initial visit,Take back control of your health through hormone optimization and coaching,UNVERIFIED; site did not resolve,UNVERIFIED; site did not resolve,Low-cost consult to quarterly care subscription to Rx,"Quarterly subscription at $150, with medication billed separately",Launched nationwide February 2023 and available in all 50 states. Funding UNVERIFIED,"COULD NOT VERIFY FIRST-HAND. Pricing here comes from a press release and third-party review sites rather than the live site, because the domain did not resolve during this pass. Flagged for re-check. The quarterly $150 billing cadence is still a useful data point: quarterly prepay is a common way this segment lifts effective LTV without raising the monthly headline.","https://www.businesswire.com/news/home/20230216005037/en/ + https://www.hormonetherapyhub.com/post/joi-women-s-wellness-2025-update-on-pricing-for-hormone-replacement-therapy + Meta Ad Library, verified 2026-08-14"
KEYWORD SWEEP: 'excessive sweating',Hyperhidrosis,n/a,https://www.facebook.com/ads/library/?active_status=active&ad_type=all&country=US&q=excessive%20sweating&search_type=keyword_unordered,~620 (measured 2026-08-14),"~620 active US results on 2026-08-14. 'Twofold - Hyperhidrosis' (4) was the only DTC telehealth brand in the visible field; the rest were apparel (Mott & Bow 3), public health bodies (Maricopa County Public Health 2), local clinics (Torrance Hyperhidrosis Institute, Balencia MD, Patrick L. Basile MD), device sellers (Iontophoresis Electro Antiperspirant) and Carpe collabs. | agent-reported: ~620 | verified via https://www.facebook.com/ads/library/?active_status=active&ad_type=all&country=US&q=excessive%20sweating&search_type=keyword_unordered&media_type=all",,,,Mixed,,,,,,,Demand proof,,,,,,Smallest demand pool we measured (~620) and already has a committed Rx incumbent in Twofold. Lower ceiling than rosacea.,Meta Ad Library 2026-08-14
KEYWORD SWEEP: 'hyperhidrosis',Hyperhidrosis,n/a,https://www.facebook.com/ads/library/?active_status=active&ad_type=all&country=US&q=hyperhidrosis&search_type=keyword_unordered,~420,"~420 active US results on 2026-08-14. 'Twofold - Hyperhidrosis' (6) leads; remainder is local plastic surgery / med spa / Botox providers and device brands (Dermadry, DermalTouch).",,,,Mixed,,,,,,,Demand proof,,,,,,"Clinical term draws even less volume than the lay term - typical for body-complaint categories, and a reminder to buy lay language ('excessive sweating', 'toenail fungus') not medical language.",Meta Ad Library 2026-08-14
Sofdra (sofpironium topical gel 12.45%),Hyperhidrosis (model-repeats proof),sofdra.com,https://www.facebook.com/ads/library/?active_status=active&ad_type=all&country=US&q=Sofdra&search_type=keyword_unordered,~1,"~1 active US result on 2026-08-14, from the page 'Sofdra (sofpironium) topical gel, 12.45%'.",,Sofdra topical gel,Sofpironium bromide 12.45%,FDA-approved branded drug,,,,,,,The approved pharmaceutical reference product,,,Prescription via dermatologist,,,"The FDA-approved branded option is running essentially ZERO paid social. That is the recurring pattern across every one of these verticals: the approved drug does not fight for attention, so the compounded telehealth brand owns the demand. Pricing UNVERIFIED.",Meta Ad Library 2026-08-14
Twofold,Hyperhidrosis (model-repeats proof),itstwofold.com,https://www.facebook.com/ads/library/?active_status=active&ad_type=all&country=US&q=Twofold&search_type=keyword_unordered,~210 (measured 2026-08-14),"~210 active US results on 2026-08-14 across pages 'Twofold Health' (7), 'Twofold - Hyperhidrosis' (5) and 'Twofold Wellness' (1) - note the multi-page structure. Twofold was also the single largest advertiser on both the 'excessive sweating' sweep (4 cards of ~620) and the 'hyperhidrosis' sweep (6 cards of ~420). | agent-reported: ~210 | verified via https://www.facebook.com/ads/library/?active_status=active&ad_type=all&country=US&q=Twofold&search_type=keyword_unordered&media_type=all",Quiz-first telehealth funnel,Compounded topical treatments for excessive sweating,,Compounded,,,,,,,Prescription-strength alternative to clinical antiperspirants,,,Quiz -> Rx -> ship,,,"PROOF THE MODEL REPEATS. Same shape as Vuret - quiz-first, compounded, drop-shipped - in a completely different body complaint, and it is the only DTC telehealth brand with meaningful share of voice in hyperhidrosis. Pricing, bumps and guarantee UNVERIFIED in this pass (a dedicated hyperhidrosis researcher is covering the offer detail).",Meta Ad Library 2026-08-14
Carpe,Hyperhidrosis (OTC benchmark),mycarpe.com,https://www.facebook.com/ads/library/?active_status=active&ad_type=all&country=US&q=Carpe&search_type=keyword_unordered,"~2,900 (measured 2026-08-14)","~2,900 active US results on 2026-08-14; brand page 'Carpe' 16 visible cards plus heavy creator-collab structure ('Carpe with Kasper Kubica' 8, 'Kasper Kubica with Carpe' 3, 'Popsugar with Carpe', 'Terry Adams BMX with Carpe'). | agent-reported: ~2,900 | verified via https://www.facebook.com/ads/library/?active_status=active&ad_type=all&country=US&q=Carpe&search_type=keyword_unordered&media_type=all",DTC product pages + creator collab ads,OTC antiperspirant lotions and wipes,,OTC,,,,,,,"Everyday sweat management, founder-led and creator-led social proof",,,Social/creator ad -> product page -> cart,,,"~14x Twofold's ad volume with an OTC product - which sizes the true addressable audience for sweating far above what the prescription players are currently capturing. Also the clearest example in this dataset of a branded-collab creative strategy, which none of the toe fungus players are running.",Meta Ad Library 2026-08-14
Duradry,Hyperhidrosis (OTC benchmark),duradry.com,https://www.facebook.com/ads/library/?active_status=active&ad_type=all&country=US&q=Duradry&search_type=keyword_unordered,~5,"~5 active US results on 2026-08-14 (page 'Duradry' 2 cards, affiliate persona 'Kim Sanders' 3).",,3-step OTC antiperspirant system,,OTC,,,,,,,System/regimen framing,,,DTC cart,,,"Effectively dormant on paid social right now. Included as a scale contrast: the sweating category is a two-horse paid race (Carpe OTC, Twofold Rx) with everyone else absent. Pricing UNVERIFIED.",Meta Ad Library 2026-08-14
Ideal Image,Laser hair removal / medspa chain (national),idealimage.com,https://www.facebook.com/ads/library/?active_status=active&ad_type=all&country=US&q=unwanted%20facial%20hair&search_type=keyword_unordered,UNVERIFIED at keyword level,Not isolated in rendered subsets. Domain did not resolve on direct fetch - ALL FIGURES BELOW ARE THIRD-PARTY SOURCED.,Pricing page -> consult,Laser hair removal memberships by number of body areas,Clinical laser,n/a - service,"claims (third-party): $120/mo for 3 areas, $150/mo for 4 areas, $170/mo for 5 areas; $250/year membership; a consumer forum reports a $2,500 quote for a 16-month unlimited facial package",$120-$170/mo as reported (UNVERIFIED - no primary source obtained),Free consultation,Membership tiering; claims: up to 90% off touch-ups under Lifetime Guarantee,claims: Lifetime Guarantee Program (third-party sourced),Free consult,Membership model bundling multiple treatment areas,Book a free consultation,Membership tiers; annual VIP fee; lifetime guarantee framing,Consult -> membership close,"Monthly membership, $250/year VIP tier",Large national medspa chain,"TREAT THIS ROW AS THE WEAKEST-SOURCED IN THE SHEET. idealimage.com would not resolve for direct verification, so the $120-$170/mo figures are third-party only. Directionally it confirms the monthly-membership norm at $120+, above our target band - but do not quote these numbers to a partner without re-verifying.",https://www.medestheticsmag.com/news/news/21282937/ideal-image-ideal-image-medspa-introduces-new-membership-program + https://infinitylaserspa.com/blogs/blog/how-much-is-laser-hair-removal-at-ideal-image (idealimage.com unreachable on fetch) 2026-08-14
LaserAway,Laser hair removal chain (national),laseraway.com,https://www.facebook.com/ads/library/?active_status=active&ad_type=all&country=US&q=unwanted%20facial%20hair&search_type=keyword_unordered,UNVERIFIED at keyword level,Not isolated in rendered subsets. Primary pricing page returned HTTP 403 to automated fetch; figures below are from that page as summarized in search results - treat as SECONDARY SOURCE.,Service/FAQ page -> consult,"Laser hair removal by area; 3, 8 or 10-treatment packages",Clinical laser,n/a - service,"$99-$649 per session by area; upper lip and chin at the low end; multi-area packages $2,000+, often $1,200-$1,500 with promotions; claims: 65% off first treatment in select areas ($300 down to $105)",~$100/mo (8 facial sessions at ~$150 spread across a typical 12-month course),claims: 65% off first treatment,Package and multi-area bundling discounts,None published,Free consult,Six to eight sessions for up to 80% hair reduction,Book a free consultation,Deep first-treatment discount; package laddering; per-area price ranges,Ad/SEO -> consult -> package close,None (package purchase),Large national medspa chain,"PER-SESSION PRICING MAKES THE ANNUAL COST VISIBLE IN A WAY MILAN'S DOES NOT: ~$1,200 for a face. FLAG FOR SPOT-CHECK - laseraway.com returned 403 to direct fetch, so these figures are secondary-sourced, not read off the live page.",https://www.laseraway.com/faqs/hair-removal/how-much-does-laser-hair-removal-cost/ (HTTP 403 on fetch; figures via search-result summary) 2026-08-14
Milan Laser,Laser hair removal chain (national),milanlaser.com,https://www.facebook.com/ads/library/?active_status=active&ad_type=all&country=US&q=unwanted%20facial%20hair&search_type=keyword_unordered,UNVERIFIED at keyword level,Not isolated in rendered subsets; national chain advertising at brand and local level.,Landing page -> free consult booking,Unlimited Package laser hair removal by body area,Diode/Nd:YAG clinical laser,n/a - service,"""as low as $45/month""; ""Up to 70% off"" promo; per-area price only by custom quote",$45/mo as advertised (financed); true total price is never published,Free consultation; up to 70% off plus a limited-edition bundle,0% APR financing; claims: 100% Credit Approval,Lifetime guarantee included with the Unlimited Package,Free consult (no fee),Unlimited sessions for one price - solves the 6/9-session package trap since typical patients need 7-10 sessions,"""RESERVE MY SPOT"" / ""Book Your Free Consult"" / ""Get a Custom Quote""",Savings calculator tool; free consult; monthly payment anchoring; lifetime guarantee; claims: 100% credit approval; no published price anywhere,Ad -> free consult -> in-clinic close (financed),"Financed monthly payments, not a subscription",Large national chain (300+ locations),"THE SINGLE BEST PRICE ANCHOR WE HAVE: $45/MONTH, LIFETIME GUARANTEE, FROM THE CATEGORY'S BIGGEST NAME. It proves she will accept a monthly payment for facial hair. It also proves nobody publishes a real price - the whole category hides behind the consult. Publishing ours is a differentiator on its own.",https://milanlaser.com/lp/cost 2026-08-14
PEACH FUZZ LASER Studio,"Laser/electrolysis studio (local, PCOS-angled)",peachfuzzlaser.com,https://www.facebook.com/ads/library/?active_status=active&ad_type=all&country=US&q=hirsutism&search_type=keyword_unordered,3 (rendered subset),"3 of 58 rendered cards on ""hirsutism"" (~62 total active US), with www.peachfuzzlaser.com destination cards. A two-location studio outbidding most national brands on the clinical keyword.",Local service site -> booking,"Laser hair removal, electrolysis, tattoo removal, facials, vajacials",Clinical laser + electrolysis,n/a - service,No prices published; installment plans available,UNVERIFIED - quote by consult,"""GET 20% OFF YOUR FIRST SESSION!""",Installment plans with automatic monthly charges; $10 late fees; sessions expire within one year; non-refundable after first session; auto-renewal requiring the client to call to cancel,None,Free/discounted first session,"Specialist in skin of color; explicitly names PCOS-related hair growth, ingrown hairs and hyperpigmentation","""GET 20% OFF YOUR FIRST SESSION!"" / ""BOOK YOUR SPOT!""","Intro discount; inclusive/education-led positioning; installment financing; two locations (Brooklyn NY, Valley Stream NY)",Meta ad -> booking -> in-studio package,Auto-renewing installment plans,Two-location independent studio,"A TWO-LOCATION BROOKLYN STUDIO IS BUYING 'HIRSUTISM' NATIONALLY-VISIBLE ADS WHILE SERVING ONE METRO. Its skin-of-color positioning is the sharpest segmentation in the category, and its auto-renewing non-refundable terms are the single most quotable piece of predatory fine print we found.",https://www.peachfuzzlaser.com/ + Meta Ad Library 2026-08-14
KEYWORD SWEEP: 'dark spots cream',Melasma / dark spots,n/a,https://www.facebook.com/ads/library/?active_status=active&ad_type=all&country=US&q=dark%20spots%20cream&search_type=keyword_unordered,"~7,200","~7,200 active US results on 2026-08-14. Musely (5) leads; field is otherwise cosmetic/nutra: Particle (4), Prandest (2), Saeskyn (2), GloMelanin (2), Qure Skincare, Vibriance, LifeCell Skin, Ageless Beauty Secrets.",,,,Predominantly OTC cosmetic,,,,,,,Demand proof,,,,,,"Very large OTC demand pool, but the Rx position is taken. Useful mainly as a price-anchor and language source, not as an entry lane.",Meta Ad Library 2026-08-14
KEYWORD SWEEP: 'melasma',Melasma / dark spots,n/a,https://www.facebook.com/ads/library/?active_status=active&ad_type=all&country=US&q=melasma&search_type=keyword_unordered,"~3,800","~3,800 active US results on 2026-08-14. Musely (7) and Musely FaceRx (1) lead; the rest of the visible field is K-beauty and cosmetic skincare (Quia Korean Beauty 4, Methodiq Skin 2, Saeskyn, JiYu Skin, Korean Beauty Secrets) plus local aesthetics clinics.",,,,Mixed - one compounded Rx player against a cosmetic field,,,,,,,Demand proof,,,,,,"CLAIMED. Real demand, but Musely already owns the prescription position and is actively defending it. Entering here means fighting an incumbent with a head start rather than filling a vacuum.",Meta Ad Library 2026-08-14
Musely,Melasma / dark spots (model-repeats proof),musely.com,https://www.facebook.com/ads/library/?active_status=active&ad_type=all&country=US&q=Musely&search_type=keyword_unordered,~810 (measured 2026-08-14),"~810 active US results on 2026-08-14 across 'Musely' (21 visible cards) and 'Musely FaceRx' (4). Musely was also the #1 advertiser on the 'dark spots cream' sweep (5 of ~7,200) and on the 'melasma' sweep (7 of ~3,800). | agent-reported: ~810 | verified via https://www.facebook.com/ads/library/?active_status=active&ad_type=all&country=US&q=Musely&search_type=keyword_unordered&media_type=all",Quiz-first telehealth funnel,The Spot Cream and related compounded FaceRx SKUs,,Compounded,,,,,,,Prescription-strength dark spot correction at consumer-skincare prices,,,Quiz -> Rx -> ship,,,"THE CATEGORY OWNER FOR PIGMENTATION - and the clearest proof the compounded-derm telehealth model scales past one complaint. Musely is the reference operator we are structurally cloning; it already runs this play across facial hair, pigmentation and acne. Pricing/bumps for the pigmentation SKUs UNVERIFIED in this pass.",Meta Ad Library 2026-08-14
Defy Medical,"Men's health (TRT, ED, Trimix, anabolic therapies), women's hormones/menopause, weight loss, peptides, ketamine, thyroid, IV therapy, aesthetics",https://www.defymedical.com,https://www.facebook.com/ads/library/?active_status=active&ad_type=all&country=US&q=defy%20medical&search_type=keyword_unordered,18 (exact-phrase); 261 on the unordered keyword search,"Retrieved via Apify actor apify/facebook-ads-scraper (onlyTotal mode) on 2026-08-14; direct HTTP to facebook.com/ads/library returns 403 and headless crawls return only the JS shell. CAVEAT: keyword_unordered counts every advertiser whose ad text matches the term, including affiliates, so it is an upper bound on the brand's own ads, not a clean brand count. The unordered figure is inflated by unrelated uses of 'defy' and 'medical'; the exact-phrase count of 18 on 2026-08-14 is the usable number.","Quiz-first, consult-gated funnel with NO published pricing anywhere - a deliberate concierge positioning choice.","TRT via injections, topicals, pellets and nasal gel; ED medications including sildenafil, tadalafil and Trimix; peptides; weight loss; women's hormone therapy; and a broad ancillary services menu.",No mg/mL or dose strengths disclosed publicly - UNVERIFIED.,UNVERIFIED - no compounded-versus-brand disclosure found on the public pages.,"NO DOLLAR FIGURES APPEAR ANYWHERE on the TRT or Get Started pages. Every price field is UNVERIFIED by design. The company states its model verbatim: 'No Subscriptions or Contracts - You control your schedule and cost decisions, and only pay for what you need,' alongside 'Extended 1-Hour Consults.'",UNVERIFIED - cannot be calculated from public pages.,None published.,UNVERIFIED - no pricing or upsell structure is public.,UNVERIFIED - none found.,UNVERIFIED - not published. Pay-per-service rather than bundled.,"Medical depth and patient control - a real clinic with hour-long consults, explicitly not a subscription box.","'Get Started', 'Take the Quiz', 'Learn More'","Trustpilot: 4,017 reviews at a 5.0 TrustScore, linked directly from the TRT page ('See All 4017 Reviews on Trustpilot') - the largest verifiable third-party review base in this sheet. Medical Director Dr. Justin Saya named; 'For more than a decade, Defy Medical has offered Testosterone Replacement Therapy online.'",Quiz -> provider consult -> individualized protocol -> pay per service. No subscription.,Explicitly no subscription and no contracts - the opposite of every other brand in this set.,"Private. No funding or revenue figures found - UNVERIFIED. The 4,017-review Trustpilot base and a stated decade-plus operating history are the only externally verifiable scale signals.","The anti-subscription outlier, and a useful reality check: Defy has run for over a decade with 4,017 Trustpilot reviews at 5.0 while refusing to publish a price or lock anyone into a plan. That is only viable with genuine clinical depth and word-of-mouth. For a paid-acquisition compounded brand it is the wrong model, but it defines the credibility bar that subscription competitors are measured against by informed buyers.",https://www.defymedical.com/services/trt/ ; https://www.defymedical.com/get-started/ ; https://www.trustpilot.com/review/defymedical.com ; Meta Ad Library URL in column D - retrieved 2026-08-14
Winona (By Winona),Menopause / HRT telehealth,bywinona.com,https://www.facebook.com/ads/library/?active_status=active&ad_type=all&country=US&q=bywinona&search_type=keyword_exact_phrase,~440,"Meta Ad Library exact-phrase query on the brand token 'bywinona' returned ~440 active US ads on 2026-08-14 with the By Winona page as top advertiser, and one creative group showing '6 ads use this creative and text', indicating systematic creative duplication across placements. Note a bare 'Winona' query returns ~1,300 dominated by unrelated advertisers such as Red Aspen and is unusable",Quiz-first funnel,"HRT delivered as body cream, vaginal cream, oral and patch formats, plus a physician-formulated supplement line for women 35+ launched July 2026",Bioidentical hormone therapy; specific strengths are not published pre-quiz,Compounded,Not published pre-quiz. The site states 'We do not currently work directly with insurance companies' but notes HSA/FSA reimbursement may be available,UNVERIFIED,"Start My Free Visit, a free initial visit",HSA/FSA reimbursement positioning,'Pause or cancel anytime'; no money-back guarantee,Free initial visit,Menopause relief without blood tests and without insurance friction,Get Started / Explore HRT / Take the Quiz / See if I Qualify / Start My Free Visit,"5-star Trustpilot rating displayed alongside '100,000+ Happy Patients'; FDA-approved and physician-recommended badges; claims: 'Within three months, 80% of women feel significant or complete symptom relief'; 'no blood tests required' used as an explicit friction remover",Quiz to free visit to Rx subscription,Subscription with pause or cancel anytime,"claims: 100,000+ patients. Reported as largely self-funded from company profits rather than venture capital, with research initiatives funded from profits. Funding amount UNVERIFIED","THE BEST CRO TEMPLATE IN THE SEGMENT AND THE ONE TO STUDY CLOSEST. ~440 active ads, a free first visit, 'no blood tests required' as an explicit friction remover, five distinct CTA variants tested across one page, and Trustpilot plus a 100K patient count above the fold. Being profitable without venture money means the unit economics of cash-pay compounded women's hormonal telehealth genuinely work at scale.","https://www.bywinona.com/ + https://hitconsultant.net/2026/07/21/winona-launches-physician-formulated-menopause-supplements/ + Meta Ad Library, verified 2026-08-14"
Alloy Women's Health,Menopause / women 40+ telehealth,myalloy.com,https://www.facebook.com/ads/library/?active_status=active&ad_type=all&country=US&q=Alloy%20Women&search_type=keyword_exact_phrase,~4,"Meta Ad Library exact-phrase query returned ~4 active US ads on 2026-08-14 with the Alloy page (facebook.com/alloywomenshealth) as top advertiser; one creative has run since April 2025. Very low paid volume. Note the looser keyword_unordered query returned ~810 results dominated by SHEIN and other unrelated advertisers, so that number is meaningless",Plan-finder funnel,"Estradiol pill, Evamist spray, estradiol gel, patch and vaginal cream; M4 Face Cream Rx and M4 Body Treatment Rx (estriol plus peptide), M4 Eye Cream Rx, Tretinoin Face Cream Rx; Zepbound, Wegovy, Foundayo, compounded semaglutide, tirzepatide and liraglutide; O-Mazing Cream; oral minoxidil, oral spironolactone, Lash & Brow Serum Rx (generic bimatoprost); Alloy Synbiotic",M4 Face Cream Rx built on estriol plus peptide is the distinctive proprietary hero,Compounded and brand,Not published on the homepage. Positioned as 'transparent pricing' with 'easy cash-pay' and FSA/HSA accepted,UNVERIFIED,None,FSA/HSA card acceptance used as an effective discount lever,None stated,Not published,Solving the specific hormonal problems of women over 40 with prescription-grade products,Start Your Plan / Find Your Plan / Start Now,"claims: outcome statistics used in place of reviews, including '95% of Alloy customers taking HRT have symptom relief in 2 weeks or less', '68% of M4 users see improvement in overall skin health in 12 weeks or less', and '20% average body weight lost over 12 months'; 'Care starts in as little as 12 business hours'. No star ratings or review counts",Plan quiz to Rx subscription,Subscription; cadence not published,"$3.3M seed in 2021, then a $16M Series A led by Kairos HQ, roughly $21M total raised. Forbes in June 2026 framed Alloy as 'a $21 million company betting against the $250 million race in menopause care'","PROOF A SPECIALIST CAN WIN UNDERFUNDED. Alloy competes against $100M+ rivals on roughly $21M by owning one buyer precisely. They also sell oral spironolactone, the standard systemic hirsutism drug, without ever naming hirsutism as a use case. Their outcome-stats-instead-of-reviews approach is the right pattern for a brand-new product with no review base yet.","https://myalloy.com/ + https://www.forbes.com/sites/geristengel/2026/06/22/a-21-million-company-is-betting-against-the-250-million-race-in-menopause-care/ + Meta Ad Library, verified 2026-08-14"
Midi Health,Menopause and perimenopause virtual clinic,joinmidi.com,https://www.facebook.com/ads/library/?active_status=active&ad_type=all&country=US&q=Midi%20Health&search_type=keyword_exact_phrase,~110,Meta Ad Library exact-phrase query returned ~110 active US ads on 2026-08-14 with the Midi Health page (facebook.com/joinmidi) as top advertiser; creatives active from June 2026,Book-a-visit clinical site rather than a product page,"Menopause and perimenopause management, weight management, sexual wellness, mood and memory, hair and skin treatments, sleep, cancer survivorship, GLP-1 plans, testosterone therapy, Midi Custom Rx compounded medications and supplements",Midi Custom Rx compounded medications; no single published hero formulation,Compounded and brand,"Cash prices are not published. The model is insurance-billed, available in all 50 states with coverage for virtual visits and prescriptions",UNVERIFIED; insurance-dependent,None,None,None stated,Not published; users are routed to a coverage checker,Insurance-covered specialist menopause care rather than cash-pay ecommerce,Book a Visit / Book Your Virtual Visit / Check Your Coverage,Roughly 25 named patient testimonials; insurance-acceptance messaging as the primary trust signal; no star ratings or review counts,Coverage check to booked virtual visit to Rx,Visit-based and insurance-billed rather than a product subscription,"$60M Series B in April 2024 bringing total funding to $100M, followed by a $50M Series C. Celebrity investors including Tory Burch and Amy Schumer participated in the Series B","THE INSURANCE-BILLED ALTERNATIVE. Midi proves a well-funded clinical brand at $100M+ can win this buyer without cash-pay ecommerce. They are not a checkout competitor but they compete for the same search and social attention, and they can say 'covered by insurance' while we cannot. Our counter is speed and price certainty.","https://www.joinmidi.com/ + https://www.prnewswire.com/news-releases/midi-health-the-fastest-growing-virtual-clinic-for-perimenopause-and-menopause-raises-an-additional-60m-in-series-b-round--100m-total-funding-to-date--to-transform-womens-healthcare-302125839.html + Meta Ad Library, verified 2026-08-14"
Elektra Health,Menopause telehealth,elektrahealth.com,https://www.facebook.com/ads/library/?active_status=active&ad_type=all&country=US&q=Elektra%20Health&search_type=keyword_exact_phrase,~18,"Meta Ad Library exact-phrase query returned ~18 active US ads on 2026-08-14 with the Elektra Health page as top advertiser and one creative running since November 2025. Sample ad copy leads with insurance coverage: 'Hey New York, all-in-one menopause care is covered by EmblemHealth'",Informational site with an external get-started hub,"Telemedicine care including a 30-minute initial video visit with a board-certified clinician, a personalized care plan with prescriptions and lab work as needed, follow-up messaging and visits, plus a member education and community platform",No product hero; the offer is clinical care rather than a formulation,Not applicable,Not published on the individuals page,UNVERIFIED,None,"Employer-sponsored and insurance-covered routes, with EmblemHealth named in ad copy",None stated,Not published; a 30-minute initial video visit is the entry point,Nobody should navigate menopause alone; education and community alongside clinical care,Get started,"LegitScript approval seal; a dedicated /reviews page; community and 1:1 coach access as the differentiator. No star ratings or review counts on the individuals page. Note that /pricing returns a 404 while the footer still links to it, a live site defect",Content to get-started hub to visit,Membership with clinician access; price not published,Raised a $3.3M seed round reported February 2024. The B2B employer channel is a significant part of the model,SMALL AND PARTLY B2B. Their ad copy leading with a named insurer rather than a symptom is the opposite of a direct-response approach and explains the low ad count. Their broken /pricing page is a reminder that footer links leak. Not a threat to a cash-pay single-SKU offer.,"https://www.elektrahealth.com/for-individuals/ + https://www.axios.com/pro/health-tech-deals/2024/02/21/elektra-health-raises-3m-seed-womens-care + Meta Ad Library, verified 2026-08-14"
Evernow,Menopause telehealth,evernow.com,https://www.facebook.com/ads/library/?active_status=active&ad_type=all&country=US&q=Evernow&search_type=keyword_exact_phrase,"0 brand-owned (query returned ~8 results, none Evernow-owned)","Meta Ad Library exact-phrase query returned ~8 active US results on 2026-08-14, but the top results belong to Better Homes & Gardens and Walmart rather than Evernow, so no brand-owned active ads were confirmed. Treat brand-owned active ad count as effectively zero",Care-plan landing page,"Hormone therapy (estradiol patch, estradiol pill, progesterone, norethindrone), non-hormonal treatments, weight loss medications (Ozempic, Wegovy, Zepbound, Mounjaro), hair and skin (tretinoin, oral minoxidil, topical finasteride, facial estriol cream), vaginal estrogen cream and supplements",Facial estriol cream is the closest adjacent hero; there is no hirsutism product,Brand and generic,"Membership starting at $35/month for unlimited clinician messaging and ongoing prescriptions, plus a separate pay-per-visit option",$35/month membership plus medication cost,Vaginal estrogen cream listed as Free,"Insurance-eligible visits with Blue Cross/Blue Shield, Anthem, UnitedHealthcare and Aetna",None stated,A one-time virtual visit is priced separately with the amount not published; membership starts at $35/month,Clinician-led menopause care with insurance eligibility,Get care / Get your care plan / Book a virtual visit,claims: '95% of Evernow members feel better in 2 months'; testimonials carrying a 'Verified Evernow member' badge; insurance logos. No star ratings or review counts,Care plan to visit to Rx,$35/month membership or per-visit,Raised a $28.5M round in 2022 backed by investors including SpaceX president Gwynne Shotwell and Gwyneth Paltrow,"A FADED COMPETITOR. Well-funded and celebrity-backed in 2022 but running no confirmable paid acquisition today. The $35/month membership floor is the cheapest recurring price point in the menopause set and a useful anchor for what women accept as a recurring health charge. Their free lead product, vaginal estrogen cream, is a lever worth noting.","https://www.evernow.com/ + https://www.fortune.com/2022/04/06/spacex-president-gwynne-shotwell-gwyneth-paltrow-back-menopause-telehealth-startup-evernows-28-5-million-funding-round + Meta Ad Library, verified 2026-08-14"
KEYWORD SWEEP - ENGLISH (evidence row),Meta Ad Library measurement,n/a,https://www.facebook.com/ads/library/?active_status=active&ad_type=all&country=US&q=hirsutism&search_type=keyword_unordered,See counts,"ALL COUNTS PULLED 2026-08-14, US, active_status=active, ad_type=all, search_type=keyword_unordered, headless Chromium render of the live Ad Library. ""hirsutism"" ~62 | ""eflornithine"" ~34 | ""facial hair women"" ~3,900 | ""unwanted facial hair"" ~2,400 | ""peach fuzz"" ~2,700 | ""PCOS hair"" ~2,200 | ""chin hair"" ~27,000",n/a,n/a,n/a,n/a,n/a,n/a,n/a,n/a,n/a,n/a,Keyword demand measurement,n/a,n/a,n/a,n/a,n/a,"READ THE TIGHT KEYWORDS ONLY. ""hirsutism"" (~62) and ""eflornithine"" (~34) are clean clinical intent. ""chin hair"" (~27,000) and ""peach fuzz"" (~2,700) are contaminated by unrelated ads (Pocket FM audiobooks, liver supplements, Alibaba listings) and must NOT be quoted as category size. The real paid battlefield is roughly 60-100 ads wide - small enough to enter cheaply, proven enough that arbitrage publishers are farming it.",https://www.facebook.com/ads/library/?active_status=active&ad_type=all&country=US&q=hirsutism&search_type=keyword_unordered | https://www.facebook.com/ads/library/?active_status=active&ad_type=all&country=US&q=eflornithine&search_type=keyword_unordered | https://www.facebook.com/ads/library/?active_status=active&ad_type=all&country=US&q=facial%20hair%20women&search_type=keyword_unordered | https://www.facebook.com/ads/library/?active_status=active&ad_type=all&country=US&q=unwanted%20facial%20hair&search_type=keyword_unordered | https://www.facebook.com/ads/library/?active_status=active&ad_type=all&country=US&q=peach%20fuzz&search_type=keyword_unordered | https://www.facebook.com/ads/library/?active_status=active&ad_type=all&country=US&q=PCOS%20hair&search_type=keyword_unordered | https://www.facebook.com/ads/library/?active_status=active&ad_type=all&country=US&q=chin%20hair&search_type=keyword_unordered swept 2026-08-14
KEYWORD SWEEP - SPANISH (evidence row),Meta Ad Library measurement,n/a,https://www.facebook.com/ads/library/?active_status=active&ad_type=all&country=US&q=vello%20en%20la%20cara&search_type=keyword_unordered,See counts,"SPANISH COUNTS PULLED 2026-08-14, US, active, all ad types. ""vello facial"" ~130 | ""vello en la cara"" ~100 | ""depilacion facial"" ~180 | ""hirsutismo"" ~6 | ""vello facial mujer"" ~4",n/a,n/a,n/a,n/a,n/a,n/a,n/a,n/a,n/a,n/a,Spanish-language competitive measurement,n/a,n/a,n/a,n/a,n/a,"THE 'NO SPANISH COMPETITOR' CLAIM IS REFUTED AS WRITTEN AND MUST BE REWRITTEN BEFORE IT GOES TO ANYONE. Velare Beauty, Soline Beauty and Lepilon Beauty all run native Spanish DTC creative, and Ulike Global runs Spanish too. What IS true and defensible: (1) every Spanish advertiser is either a local salon booking by WhatsApp/DM or a non-Rx botanical seller; (2) ZERO prescription or telehealth brands run any Spanish creative; (3) ""hirsutismo"", the actual clinical term, carries only ~6 active US ads and the most persistent one is a single salon with no website. The opening is Spanish-language PRESCRIPTION care, not Spanish-language advertising.",https://www.facebook.com/ads/library/?active_status=active&ad_type=all&country=US&q=vello%20facial&search_type=keyword_unordered | https://www.facebook.com/ads/library/?active_status=active&ad_type=all&country=US&q=vello%20en%20la%20cara&search_type=keyword_unordered | https://www.facebook.com/ads/library/?active_status=active&ad_type=all&country=US&q=depilacion%20facial&search_type=keyword_unordered | https://www.facebook.com/ads/library/?active_status=active&ad_type=all&country=US&q=hirsutismo&search_type=keyword_unordered | https://www.facebook.com/ads/library/?active_status=active&ad_type=all&country=US&q=vello%20facial%20mujer&search_type=keyword_unordered swept 2026-08-14
"Orgatics ('Reset' brand portfolio: Fungus Free Reset, Mucus Free Reset, Receding Gums Reset, Psoriasis Reset, Eczema Reset, Intertrigo Reset)",Multi-condition supplement advertorial operator,UNVERIFIED,https://www.facebook.com/ads/library/?active_status=active&ad_type=all&country=US&q=Orgatics&search_type=keyword_unordered,"~8,400","~8,400 active US results on 2026-08-14. The visible advertiser mix exposes the portfolio structure directly: Fungus Free Reset (9 cards), Orgatics (8), Mucus Free Reset (6), Receding Gums Reset (4), Psoriasis Reset (2), Eczema Reset (1). 'Intertrigo Reset' appeared in the separate Fungus Free Reset sweep. Fungus Free Reset alone carries ~1,200 active ads and led the 'toe fungus prescription' sweep with 13 of the visible cards.",Long-form advertorial per condition,"One supplement/protocol SKU per body complaint, one brand name per complaint",,Supplement (non-Rx),UNVERIFIED in this pass,,,,UNVERIFIED. A 90-day full refund was recorded for Orgatics in the earlier 2026-08-13 research pass but was NOT re-verified here - do not quote it without checking.,,Condition-specific 'reset' protocol; money-wasted and 'what doctors don't tell you' advertorial framing,,,Advertorial -> cart,,At least 7 distinct condition brands running simultaneously off one playbook,"THE MOST IMPORTANT STRUCTURAL FINDING OUTSIDE THE VURET TEARDOWN. This is a brand FACTORY: one operator, one advertorial template, cloned across seven unrelated complaints (fungus, mucus, gums, psoriasis, eczema, intertrigo). It independently validates the thesis that the repeatable asset is the FUNNEL, not the condition - which is the same bet we are making, except we would run it with licensed prescribers and real compounded product instead of supplements. It is also the competitor to beat on volume in toe fungus, at roughly 20x Vuret's ad count.",Meta Ad Library 2026-08-14
Vault Health,"N/A - EXITED HEALTHCARE. Now background checks, drug screening and employment health screening",https://vaulthealth.com,https://www.facebook.com/ads/library/?active_status=active&ad_type=all&country=US&q=vault%20health&search_type=keyword_unordered,"0 on exact phrase (834 unordered, all unrelated advertisers)","Retrieved via Apify actor apify/facebook-ads-scraper (onlyTotal mode) on 2026-08-14; direct HTTP to facebook.com/ads/library returns 403 and headless crawls return only the JS shell. CAVEAT: keyword_unordered counts every advertiser whose ad text matches the term, including affiliates, so it is an upper bound on the brand's own ads, not a clean brand count. The exact-phrase query returned ZERO active ads on 2026-08-14, independently corroborating that the TRT business no longer operates. The 834 unordered result is noise from unrelated 'vault' and 'health' ads.",N/A - the site is now a B2B employment-screening marketing site.,"N/A - no TRT, hormone or prescription products remain. Navigation covers only Background Checks, Drug Screening, Health Screening and Recovery Monitoring, by industry.",N/A,N/A,N/A,N/A,N/A,N/A,N/A,N/A,N/A - now sells B2B workforce screening to employers.,N/A,N/A,N/A,N/A,"Corporate chain stated on-site: 'Vault Workforce Screening is part of Sterling, one of the world's largest providers of background and identity services,' and the site links a release headlined 'First Advantage Completes Acquisition [of] Sterling Check - $2.2 Billion.' So: Vault Health -> Sterling (as Vault Workforce Screening) -> Sterling Check acquired by First Advantage for $2.2B. Exact dates UNVERIFIED.","DEAD FOR THIS CATEGORY - mark N/A, not UNVERIFIED. Vault did not rebrand within telehealth; it exited entirely and is now a B2B employment-screening vendor selling to employers. Two independent signals confirm it: the live site content and zero active ads on an exact-phrase search. Included only so the partner does not benchmark against a company that no longer competes.",https://vaulthealth.com ; https://www.vaulthealth.com/ ; Meta Ad Library URL in column D - retrieved 2026-08-14
Smarter Rx,NO SUCH DTC TELEHEALTH BRAND FOUND,UNVERIFIED - smarterrx.com does not resolve (DNS ERR_NAME_NOT_RESOLVED),https://www.facebook.com/ads/library/?active_status=active&ad_type=all&country=US&q=smarter%20rx&search_type=keyword_unordered,"262 unordered, but 0 on exact phrase","Retrieved via Apify actor apify/facebook-ads-scraper (onlyTotal mode) on 2026-08-14; direct HTTP to facebook.com/ads/library returns 403 and headless crawls return only the JS shell. CAVEAT: keyword_unordered counts every advertiser whose ad text matches the term, including affiliates, so it is an upper bound on the brand's own ads, not a clean brand count. The exact-phrase query returned ZERO active ads on 2026-08-14, consistent with no such advertiser existing. The 262 unordered result is noise from unrelated ads containing the words 'smarter' and 'rx'.",N/A,N/A,N/A,N/A,N/A,N/A,N/A,N/A,N/A,N/A,N/A,N/A,N/A,N/A,N/A,UNVERIFIED - no company identified.,"ACTION NEEDED BEFORE THIS SHEET SHIPS. Extensive search across 'Smarter Rx', 'SmarterRx', 'getsmarterrx' and domain guesses found no DTC ED/men's-health telehealth brand under this name; the name maps instead to prescription discount-card services (smarterrxcard.com, getsmartrx.com), a different business entirely. Two independent signals agree: no resolving domain, and zero exact-phrase ads. Ask whoever supplied the brand list to confirm the intended name - a spot-check of this row will otherwise fail, and I would rather hand over an empty row than invent a competitor.",DNS lookup of smarterrx.com (does not resolve) ; https://smarterrxcard.com (different business) ; Meta Ad Library URL in column D - checked 2026-08-14
WowMD,"NOT TELEHEALTH - over-the-counter dietary supplements only (anti-aging, brain, energy, immunity, joint, mood, women's health)",https://www.wowmd.com,https://www.facebook.com/ads/library/?active_status=active&ad_type=all&country=US&q=wowmd&search_type=keyword_unordered,0,"Retrieved via Apify actor apify/facebook-ads-scraper (onlyTotal mode) on 2026-08-14; direct HTTP to facebook.com/ads/library returns 403 and headless crawls return only the JS shell. CAVEAT: keyword_unordered counts every advertiser whose ad text matches the term, including affiliates, so it is an upper bound on the brand's own ads, not a clean brand count. Zero active US ads on 2026-08-14 for both 'wowmd' and the exact phrase 'wow md' - checked two ways, so the zero is real rather than a query artifact.","Standard Shopify ecommerce (homepage/collection/PDP). Optional non-gating product-recommendation quiz. No consult, no Rx gate.",~200 OTC supplements across 15 categories. Featured: Sea Essence Omega 3 Fish Oil $37.00; Testosterone Support supplement $49.00.,"N/A - these are OTC dietary supplements, not pharmaceuticals. No mg-strength Rx formulation applies.",N/A - neither compounded nor generic nor brand-name Rx. OTC supplements.,Individual products $33-$89. Bundle example: 'All-Day Fat Burn Trio' $114.75 (from $135). Free US shipping over $60.,$33-$89 per product one-time; up to 30% off with Subscribe & Save.,'SUBSCRIBE & SAVE UP TO 30%'; 'FREE U.S. SHIPPING ON ORDERS OVER $60'.,Subscribe & Save up to 30% is the main mechanism. No checkout bump captured.,"'60-DAY MONEY-BACK GUARANTEE' - the strongest and clearest guarantee in this entire set, and it is a supplement brand, not an Rx brand.",$0 - no consult exists. This is a straight retail purchase.,"Wellness and longevity via supplements, sold on reviews and guarantee rather than clinical authority.","'View product', 'Add to wishlist', 'Shop All Products', 'TAKE THE QUIZ'","Homepage aggregate '4.7 out of 5 stars from 50K+ reviews' with per-product ratings 4.5-5.0 (486-1,227 reviews each); 'Verified Buyer' checkmarks; press logos (Yahoo, Healthline, GB News, Real Simple, First for Women, AOL). NOTE an internal inconsistency: the reviews page frames the same base as '50,000+ verified 5-star reviews' while the homepage says 4.7/5.","Straight ecommerce: browse -> cart -> checkout. No Rx, no consult, no state restrictions.","Optional Subscribe & Save, standard ecommerce. Cancellation terms UNVERIFIED.","Private, no disclosed revenue, funding or customer count - UNVERIFIED. claims: 50,000+ reviews.","FLAG FOR THE PARTNER: WowMD does not belong in an Rx comp set - it sells no prescription product and has no medical consult, so it cannot be benchmarked on per-dose price, consult fee, or compounding. It is useful for exactly one reason: its 60-day money-back guarantee shows what risk reversal looks like when a brand is legally free to offer one, which is precisely what the Rx brands in this set avoid.",https://www.wowmd.com/ ; https://www.wowmd.com/pages/get-started ; https://www.wowmd.com/pages/reviews ; Meta Ad Library URL in column D - retrieved 2026-08-14
The PCOS Doctor,"PCOS / facial hair (advertiser, destination unverified)",UNVERIFIED,https://www.facebook.com/ads/library/?active_status=active&ad_type=all&country=US&q=hirsutism&search_type=keyword_unordered,13 (rendered subset),"13 of 58 rendered cards on ""hirsutism"" (~62 total active US); also 4 cards on ""facial hair women"" and 2 on ""chin hair"". Second-largest advertiser on the clinical keyword.",UNVERIFIED,UNVERIFIED - practitioner-persona ad account,UNVERIFIED,UNVERIFIED,UNVERIFIED,UNVERIFIED,UNVERIFIED,UNVERIFIED,UNVERIFIED,UNVERIFIED,"Practitioner-authority persona (""doctor"" framing) applied to PCOS symptom content",UNVERIFIED,Authority/persona-led creative,UNVERIFIED,UNVERIFIED,UNVERIFIED,"AD-LIBRARY VERIFIED ADVERTISER, DESTINATION NOT VERIFIED. Deliberately not linked to any brand - search suggested an OvaFit/Tallene connection but that link is UNPROVEN and is not asserted here. The signal that matters: the doctor-persona angle is being bought hard on this keyword.",Meta Ad Library https://www.facebook.com/ads/library/?active_status=active&ad_type=all&country=US&q=hirsutism&search_type=keyword_unordered 2026-08-14
Theralogix (Ovasitol),PCOS supplement (clinical/practitioner channel),theralogix.com,https://www.facebook.com/ads/library/?active_status=active&ad_type=all&country=US&q=PCOS%20hair&search_type=keyword_unordered,UNVERIFIED at keyword level,"Not isolated in the rendered subset of the ""PCOS hair"" sweep (~2,200 total, broad). Practitioner-referral rather than paid-social led.",Product page,Ovasitol Inositol Powder,Myo-inositol + D-chiro-inositol 40:1,Non-Rx supplement,"$73.68 (reduced from $86.68), 90-day supply",$24.56/mo ($73.68 over 90 days),None,Practitioner referral codes (TRC program),None published on product page,None (no Rx),"Clinically-referenced hormone, insulin and ovarian support. NOTABLE: does not claim hair benefits at all","""Add to Cart""",Clinical/practitioner credibility; no reviews or ratings on page; no urgency devices,Practitioner referral -> DTC purchase,Autoship not shown on this page,Established practitioner-channel supplement brand,THE CLINICAL BASELINE AT $24.56/MO AND THE ONLY BRAND HONEST ENOUGH NOT TO CLAIM A HAIR BENEFIT. That restraint is the tell: the most clinically credible inositol seller in the market will not say inositol fixes facial hair. Every competitor row above that does say it is overreaching.,https://www.theralogix.com/products/ovasitol-inositol-powder 2026-08-14
OvaFit,PCOS supplement (creator-led),ovafit.org,https://www.facebook.com/ads/library/?active_status=active&ad_type=all&country=US&q=PCOS%20hair&search_type=keyword_unordered,UNVERIFIED at keyword level,Not isolated in rendered subsets. Audience-led (podcast/app) rather than keyword-led.,DTC storefront + app membership,Inositol Complete 40:1 $37; Metabolism Plus $49; T. Relief Tea $27; Berberine Advanced $69; Crave Control Protein $79; Hormone Balance Bundle $119; Cysterhood App $29+/mo; PCOS Daily Ritual Bundle $99/mo,Myo/D-chiro inositol 40:1,Non-Rx supplement,"Inositol Complete $37 (Subscribe & Save $31, 90-day interval); PCOS Daily Ritual Bundle $99/month; Cysterhood App from $29/month",$99/mo for the Daily Ritual Bundle; $29+/mo for the app alone; ~$10-12/mo for inositol alone on the 90-day subscription,None published,Subscribe & Save on inositol; bundle pricing,"90-day money back guarantee; ""Update or cancel anytime""",None (no Rx),"Founder-dietitian with PCOS (Tallene) plus trainer husband; community-first. Lists ""Reduce facial hair"" as a benefit but never names hirsutism","""START MY DAILY RITUAL"" / ""Shop Now""","claims: 10,000+ PCOS women, 3M+ social followers, 500,000+ women helped; Verified Customer testimonials; app-plus-supplement recurring stack; 90-day guarantee",Podcast/app audience -> supplement subscription,Monthly bundle subscription $99/mo; app membership $29+/mo; 90-day inositol autoship,"claims: 3M+ social following, 70,000+ orders","THE AUDIENCE-FIRST MODEL: content and community acquire, supplements and a $29/mo app monetize. At $99/mo the Daily Ritual Bundle sits at the very top of our thesis band, sold on trust rather than mechanism. Hardest competitor to outspend, easiest to out-specify - they will not name the condition.",https://ovafit.org/ 2026-08-14
Black Girl Vitamins,PCOS supplement (facial hair claim),blackgirlvitamins.co,https://www.facebook.com/ads/library/?active_status=active&ad_type=all&country=US&q=facial%20hair%20women&search_type=keyword_unordered,22 (rendered subset),"SECOND-LARGEST ADVERTISER on ""facial hair women"": 22 of 90 rendered cards (~3,900 total, broad keyword) plus 12 of 98 on ""chin hair"". Dedicated BLACKGIRLVITAMINS.CO destination cards.",DTC product page,PCOS RELIEF,Myo-inositol + D-chiro-inositol + zinc + vitamin D,Non-Rx supplement,$38.00 one-time (1-month supply); $65.00 for 2 months; $98.00 for 3 months; subscription $26.60/mo (30% off),$26.60/mo on subscription; $38.00/mo one-time,None; subscription discount is the offer,Subscribe and save 30%; multi-month supply discounts,No money-back guarantee published,None (no Rx),"Culturally-specific PCOS support for Black women; targets ""excess facial or body hair (hirsutism)"" alongside cycle, acne and weight","""Add to cart"" (ad CTA: ""Start Your Journey / Get Black Girl Vitamins / Shop Now"")","4.6/5 from 2,504 reviews; claims: 88.1% of users reporting cycle improvements saw positive results; testimonial quotes naming facial hair; multi-month price ladder",Ad -> product page -> subscription,Monthly subscription at 30% off,Established DTC supplement brand,"PROVES THE IDENTITY ANGLE OUTPULLS THE INGREDIENT ANGLE. Same inositol as everyone else, but it wins on cultural specificity and is buying our keywords at real volume. No guarantee at all despite 2,504 reviews - a gap we can take.",https://blackgirlvitamins.co/products/pcos-relief + Meta Ad Library 2026-08-14
Nourished Natural Health,PCOS supplement (hirsutism-specific),nourishednaturalhealth.com,https://www.facebook.com/ads/library/?active_status=active&ad_type=all&country=US&q=hirsutism&search_type=keyword_unordered,"1 (rendered subset, quiz destination)","Quiz destination card (quiz.nourishednaturalhealth.com) observed in the ""hirsutism"" sweep (~62 total active US).",Quiz-first funnel -> product bundle page,Unwanted Hair & Skin Balance Bundle (AndroEase Plus + Cycle Regulate/Ovulate); AndroEase Plus from $38; GlucoEase from $34; FloFit Protein from $59,Myo-inositol plus natural anti-androgen/DHT botanicals,Non-Rx supplement,Hirsutism bundle: $106.00 one-time; $84.80/mo on 1-month subscription (20% off refills); $222.60 first order then $79.50/quarter on 3-month (25% off refills),$84.80/mo (1-month subscription) or $26.50/mo equivalent on the 3-month plan at $79.50/quarter,Quiz-driven personalized recommendation; WELCOME15 for 15% off first order,Subscribe and save up to 33%; bundle saves up to 25% vs separate; free shipping over $99,"101-Day Results Commitment - refund requires 60 consecutive days of consistent use inside the 101-day window (conditional, like Musely's)",None (no Rx),"Root-cause androgen framing: ""support balanced androgens and help you feel confident in your body again""; founder Tam Woods, Clinical Nutritionist and author of PCOS Repair Protocol","""Take Our 2-Min Quiz"" / ""Click to get your personalized recommendation and tips"" / ""Add to Cart - $222.60""",4.6/5 from 323 reviews on the bundle; claims: over 5 million doses delivered; 4.8/5 site rating; founder-authority story; before/after imagery; quiz personalization,Quiz -> personalized bundle -> subscription,"Monthly and quarterly subscriptions, 20-25% off refills",claims: 5M+ doses delivered,"THE CLOSEST STRATEGIC ANALOGUE OUTSIDE RX AND THE MOST DANGEROUS ROW HERE. It has a hirsutism-named SKU, a quiz funnel, a founder story, and a subscription - the exact architecture we plan - at $84.80/mo. Its guarantee is conditional (60 consecutive days), which is the same punitive pattern as Musely and the same place to attack.",https://nourishednaturalhealth.com/products/unwanted-hair-hirsutism-supplement-bundle 2026-08-14
Health & Balance Vitamins (H&B),PCOS supplement (spearmint anti-androgen),handbvitamins.com,https://www.facebook.com/ads/library/?active_status=active&ad_type=all&country=US&q=hirsutism&search_type=keyword_unordered,1 (rendered subset),"Appears in the ""hirsutism"" sweep (~62 total active US) via the ""Drew Baird the PCOS Mentor"" persona account with a WWW.HANDBVITAMINS.COM destination card.",DTC product page,PCOS Skin & Hair Essentials,Spearmint-led anti-androgen formula,Non-Rx supplement,$79.95 (30 servings); $149.45 (60 servings); $199.99 (90 servings),$79.95/mo one-time; $71.96/mo on Subscribe & Save; $66.66/mo on the 90-serving size,None,"Subscribe & Save 10%, intervals of 30/60/90 days",No money-back guarantee published,None (no Rx),Spearmint reduces androgen activity; page cites the spearmint-tea-in-hirsutism study by title but stops short of naming hirsutism as an indication,"""Add to cart"" (ad CTA: ""Shop now"")","Study-citation credibility play; persona-led ad creative (""the PCOS Mentor""); NO reviews or ratings displayed on the product page",Persona ad -> product page,"Subscribe & Save at 10%, 30/60/90-day intervals",Small DTC supplement brand,"MOST EXPENSIVE SUPPLEMENT IN THE SET AT ~$80/MO WITH ZERO REVIEWS AND ZERO GUARANTEE. It leans on a cited study instead of proof. If a spearmint powder can hold $80/mo, price is not this buyer's real objection - belief is.",https://handbvitamins.com/products/skin-hair-support + Meta Ad Library 2026-08-14
"Electrolysis (category, national)",Permanent hair removal service,Independent operators nationwide,https://www.facebook.com/ads/library/?active_status=active&ad_type=all&country=US&q=hirsutism&search_type=keyword_unordered,2+ (rendered subset),"Premier Electrolysis of Houston and PEACH FUZZ LASER Studio (3 cards) both appear in the ""hirsutism"" sweep (~62 total active US). Independent operators buy this keyword; no national electrolysis chain exists.",Local site -> phone/DM booking,Electrolysis by the hour or by session,Galvanic/thermolysis needle epilation,n/a - service,"$30-$50 per 15-min session; $60-$90 per 30 min; $100-$150 per 60 min; $50-$150/hour nationally ($120-$200/hr in NYC/LA/Chicago); full course $1,500-$5,000","$83-$417/mo ($1,500 over 18 months to $5,000 over 12 months)","Common local intro discounts (e.g. Peach Fuzz Laser: ""GET 20% OFF YOUR FIRST SESSION!"")",Package of 6-12 sessions saves 15-20%,None standard,n/a,The only FDA-recognized permanent hair removal; works on light and fine hair where laser and IPL fail,"""BOOK YOUR SPOT!"" / phone or DM booking","Local trust; before/after galleries; installment plans at some studios (e.g. Peach Fuzz Laser: auto monthly charges, $10 late fee, sessions expire in one year, non-refundable after first session, auto-renewing)",Local ad -> call/DM -> in-chair sessions,Installment plans at some studios,Fragmented independents,"THE MOST EFFECTIVE OPTION AND THE MOST PAINFUL TO BUY: 12-18 months of appointments at $83-$417/mo. This is the ceiling our buyer is measured against, and the punitive installment terms (sessions expire, non-refundable, auto-renew) are exactly the fine print she has been burned by.",costhelper.com + thervo.com + https://www.peachfuzzlaser.com/ + https://www.premierelectrolysis.com/ + Meta Ad Library 2026-08-14
Agency (withagency.com),Personalized Rx anti-aging skincare,withagency.com,https://www.facebook.com/ads/library/?active_status=active&ad_type=all&country=US&q=withagency.com&search_type=keyword_exact_phrase,~6,Meta Ad Library exact-phrase query on the brand domain returned ~6 active US ads on 2026-08-14 with an 'Agency' page as top advertiser; creatives launched July 2026. Very low paid volume,Trial-first landing page with a skin quiz,"Future Formula (wrinkles, fine lines, texture, firmness), Dark Spot Formula (dark spots, melasma, sun spots), Eye Formula (wrinkles, dark circles, firmness)","Personalized Rx blends drawn from tretinoin, azelaic acid, tranexamic acid and niacinamide; strengths are set by the provider per patient rather than published",Compounded,"Future Formula $80 every 2 months with shipping included; Dark Spot plus Future Formula bundle $130 every 2 months, marketed as saving $10 per month",$40/month for the single formula; $65/month for the two-formula bundle,A trial is promoted as 'Start your trial' but the trial price is not disclosed before the quiz,Two-formula bundle framed as a $10/month saving; refills ship every 2 months,None stated,Not disclosed; the page says only 'Subject to consultation',"Prescription formulas that adapt as your skin evolves, personalized by a dermatology provider",Start your trial / Start skin quiz,"Vegan, cruelty-free, unscented and paraben-free product attributes; 'Cancel anytime' risk reversal. No star ratings, no review counts, no before/after imagery and no comparison tables, which is unusually thin",Landing page to skin quiz to Rx subscription,"Subscription billed every 2 months, the same cadence Musely uses",UNVERIFIED,"THE PRICING-ARCHITECTURE MATCH. They bill $80 every 2 months and communicate it as $40/month, the identical advertised-versus-actual structure Musely uses. This 2-month billing cycle is the segment norm for compounded topicals, which means a $99 single-month price will look expensive on the shelf unless we present a multi-month equivalent.","https://withagency.com/ + Meta Ad Library, verified 2026-08-14"
Curology,Personalized Rx skincare,curology.com,https://www.facebook.com/ads/library/?active_status=active&ad_type=all&country=US&q=Curology&search_type=keyword_exact_phrase,~63 (measured 2026-08-14),Meta Ad Library exact-phrase query returned ~63 active US ads on 2026-08-14 with the Curology page as top advertiser; visible creatives launched in July 2026 | agent-reported: ~63 | verified via https://www.facebook.com/ads/library/?active_status=active&ad_type=all&country=US&q=Curology&search_type=keyword_unordered&media_type=all,Quiz-first funnel,"Custom Formula Rx (acne, rosacea, dark spots), DayPrime Rx, HydroTret Rx, Body Cleanse Rx, Hair Formula Rx, plus non-Rx cleansers, moisturizers, serums and SPF from $12 to $35",Custom compounded Rx formula; ingredients are personalized per patient and not published as fixed percentages,Compounded,First box $5.45 shipping and handling only for a 30-day trial; the ongoing subscription price is not disclosed publicly,UNVERIFIED for the ongoing price; the entry price is effectively $5.45 for month one,"Free 30-day first box for new subscribers, pay $5.45 S&H, requires a medical consultation",Retail add-on products from $12 to $35 cross-sold alongside the Rx formula,"No money-back guarantee. Instead they offer unlimited provider messaging and free reformulation, described as 'adjust ingredients or prescribe new formulas as goals change'",Included in the trial and not separately itemized,Personalization and provider access; a custom formula rather than an off-the-shelf product,Get your formula,"'1M+ patients treated'; '5K+ 5-star reviews' dated 12/03/2021 on the page itself, which is a stale trust signal; efficacy stats '89% report effective' among 856 subscribers at 3+ months and '90.5% of patients saw improvement in acne at 3 weeks'; 'Start in minutes'",Quiz to Rx to subscription box,Monthly subscription after the 30-day trial box,"Reported annual revenue around $168.6M (2026 estimate). Note one third-party tracker shows curology.com online-store sales of $23.5M in 2025, down over 50% year over year",THE TRIAL-OFFER TEMPLATE WORTH COPYING. $5.45 shipping-only for a 30-day supply is the lowest-friction entry mechanic in the segment and is how they reached 1M+ patients. They do not touch hirsutism. Their 2021-dated review badge shows even large brands let social proof rot.,"https://curology.com/ + https://incfact.com/company/curology-sandiego-ca/ + Meta Ad Library, verified 2026-08-14"
Dermatica,Personalized Rx skincare (US and UK),dermatica.com,https://www.facebook.com/ads/library/?active_status=active&ad_type=all&country=US&q=Dermatica&search_type=keyword_exact_phrase,~12,Meta Ad Library exact-phrase query returned ~12 active US ads on 2026-08-14 with the Dermatica page (facebook.com/dermatica.skin) as top advertiser; creatives launched July and August 2026. Low US ad volume relative to their UK presence,Free-trial-first landing page,"Personalized prescription formulas for acne, aging, hyperpigmentation, melasma, rosacea, acne scars and weight-loss skin support, plus routine essentials such as cleansers, serums, moisturizers and SPF","Personalized Rx actives blended into a 'SmartBase' cream containing hyaluronic acid, ceramides, glycerin and panthenol",Compounded,"28-day free trial for a $4.99 prescribing fee, against a stated regular prescribing fee of $29.95; refills ship every 56 days",$4.99 for month one; the ongoing per-month price is UNVERIFIED,"28-day free trial, cancel easily anytime, just pay a $4.99 prescribing fee, roughly an 83% discount off the stated $29.95 regular prescribing fee",Routine-essentials cross-sell alongside the Rx formula,None stated,"$4.99 prescribing fee, bundled into the trial offer",Free trial and low-friction entry to personalized prescription skincare,Start your free trial / Start consultation,Google 4.7/5 from 317 reviews and Facebook 4.9/5 from 784 reviews shown side by side; a crossed-out $29.95 anchor against the $4.99 trial price; the 56-day refill cadence stated up front,Free trial to consultation to subscription,"Subscription with shipments every 56 days, a 2-month cadence",UNVERIFIED,"THE DISCOUNT-ANCHOR TEMPLATE. Showing $29.95 struck through against $4.99 is the cleanest price-anchor mechanic in the segment, and it is applied to the consult fee rather than the product, which protects product margin entirely. Directly copyable to our medical fee. They do not touch hirsutism.","https://dermatica.com/ + Meta Ad Library, verified 2026-08-14"
Twentyeight Health,Reproductive health telehealth (equity-focused),twentyeighthealth.com,https://www.facebook.com/ads/library/?active_status=active&ad_type=all&country=US&q=Twentyeight%20Health&search_type=keyword_exact_phrase,~2,"Meta Ad Library exact-phrase query returned ~2 active US ads on 2026-08-14 with the Twentyeight Health page as top advertiser and a creative running since May 2026. Note the looser keyword_unordered query returned ~1,000 results dominated by unrelated advertisers, so that number is meaningless",Subscription plan page with a virtual visit intake,"Birth control (pill, patch, ring, shot), emergency contraception, herpes treatment, skin care, weight management, UTI and vaginal health, plus OTC products",No hirsutism or facial hair product,Generic,Complete Care plan at $19.99/month; as low as $16/mo without insurance; $0 prescriptions with insurance; free shipping,$19.99/month,None,"Membership includes unlimited provider messaging, free shipping, annual renewal evaluations, one free OTC product yearly and 20% off additional OTC products",None stated,Included in the $19.99/month subscription,"Affordable reproductive care for everyone, including Medicaid patients",Get Started / Start My Virtual Visit Today,"Media logos from Forbes, Business Insider, Fast Company and Shape used in place of reviews; insurance and Medicaid acceptance; a 'Get Care Now' promise of local pharmacy pickup in 4-6 hours. No star ratings or review counts",Virtual visit to subscription,$19.99/month membership,Donates 1% of revenues to the National Institute for Reproductive Health. Patient counts and funding UNVERIFIED,"LOW PRICE FLOOR AND LOW AD SPEND. At $19.99/month all-in they set the cheapest recurring price in the women's telehealth set, but with only ~2 active ads they are not competing for paid attention. Their 4-6 hour local pharmacy pickup is the strongest speed promise found anywhere in this research and is worth borrowing as a framing device even though a compounded cream cannot match it.","https://www.twentyeighthealth.com/ + Meta Ad Library, verified 2026-08-14"
"Existing rosacea Rx telehealth supply (RedBox Rx, Sesame, Musely, Apostrophe, Miiskin, DoctorDerm RedFixRX)",Rosacea / facial redness,redboxrx.com; sesamecare.com; musely.com; apostrophe.com; miiskin.com,https://www.facebook.com/ads/library/?active_status=active&ad_type=all&country=US&q=rosacea%20treatment&search_type=keyword_unordered,0 visible on rosacea keywords,"None of these brands appeared among the visible advertisers on either the 'rosacea treatment' (~800 active) or 'rosacea' (~3,100 active) sweeps on 2026-08-14, despite all of them selling a rosacea SKU. Musely advertises heavily, but on pigmentation terms ('melasma', 'dark spots cream'), not rosacea.",Condition sub-pages inside broad multi-condition platforms,Rosacea creams and oral meds as one SKU among dozens,,Mostly generic; Musely and DoctorDerm RedFixRX offer compounded,"claims:RedBox Rx rosacea medications from $16/mo with a $25 online consult (UNVERIFIED - the RedBox Rx page truncated on fetch and the numbers come from search-result summaries, not the live page). claims:Sesame Skincare Rx $59/mo including video consults, messaging and prescriptions (UNVERIFIED, same reason).",$16-$59 (UNVERIFIED),,,,claims:$25 RedBox Rx; included at Sesame (both UNVERIFIED),"Rosacea as a checkbox in a broad catalogue, not as a brand",,,Platform quiz -> Rx,,,"CRITICAL NUANCE THAT CORRECTS THE OBVIOUS READ. Rosacea supply is NOT a vacuum - at least six platforms already sell it. What does not exist is a rosacea BRAND doing demand generation: zero of them buy paid social on rosacea terms, all treat it as a low-priced catalogue item ($16-$59/mo), and none run a compounded hero SKU with a prepay ladder. So the opening is not 'nobody sells this', it is 'nobody markets this'. Prices in this row are search-summary derived and MUST be re-verified on the live pages before anyone quotes them to a partner.",Meta Ad Library 2026-08-14 + web search 2026-08-14 (pricing UNVERIFIED - redboxrx.com page truncated on fetch)
KEYWORD SWEEP: 'rosacea treatment',Rosacea / facial redness,n/a,https://www.facebook.com/ads/library/?active_status=active&ad_type=all&country=US&q=rosacea%20treatment&search_type=keyword_unordered,~800,"~800 active US results on 2026-08-14. Every visible advertiser was either a local med spa / dermatology practice (Pittsburgh Center for Plastic Surgery, Meridian Med Spa Jacksonville, Complexions Dermatology Greensboro, Frontier Dermatology, Dolce Medical Spa, Plastic Surgery Group of Atlanta, Renaissance Medispa, NYLO Aesthetics, Salus Clinic Aerolase, Rohrer Aesthetic), an individual physician (Dr. Samantha Ellis MD), or a cosmetic skincare brand (Face Reality, Good Molecules, ZO Skin Health, Organic Herbal Face Food). NOT ONE national DTC compounded-Rx telehealth brand appeared.",Local clinic lead forms and cosmetic product pages,,,Local in-clinic procedures and OTC cosmetics,,,,,,,Demand proof + white space,,,,,,"STRONGEST UNCLAIMED VERTICAL IN THIS DATASET. Real, funded demand (~800 active ads on the treatment-intent term, ~3,100 on the broad 'rosacea' term) being served almost entirely by geographically-limited clinics charging in-person prices and by cosmetics that cannot make a treatment claim. No 'Hims for rosacea' exists. Same structural vacuum Vuret walked into for toe fungus and Twofold walked into for sweating.",Meta Ad Library 2026-08-14
KEYWORD SWEEP: 'rosacea' (broad),Rosacea / facial redness,n/a,https://www.facebook.com/ads/library/?active_status=active&ad_type=all&country=US&q=rosacea&search_type=keyword_unordered,"~3,100","~3,100 active US results on 2026-08-14. Visible field is cosmetic skincare and supplements (Based Supplies 4, EltaMD Skin Care 2, Beauty By Earth 2, Prequel Skin 2, Phoera, Marin Skincare, Doctor Rogers, FarmHouse Fresh) plus 'Rosacea Care' (1) and individual derms. No compounded-Rx telehealth brand visible.",,,,Predominantly OTC cosmetic,,,,,,,Demand proof,,,,,,"Broad rosacea demand is ~4x the treatment-intent term and is being monetised almost entirely by cosmetics. Confirms the gap found on 'rosacea treatment' is a category-wide vacuum, not a quirk of one keyword.",Meta Ad Library 2026-08-14
Dr. B,Rosacea / multi-condition telehealth,drb.ai,https://www.facebook.com/ads/library/?active_status=active&ad_type=all&country=US&q=Dr.%20B&search_type=keyword_unordered,UNVERIFIED,"UNVERIFIED at brand level - 'Dr. B' is too generic a keyword to isolate in the Ad Library. Dr. B did not appear among visible advertisers on the 'rosacea treatment' (~800) or 'rosacea' (~3,100) sweeps on 2026-08-14.",Condition landing page -> AI intake,Consult only; prescription sent to the patient's chosen pharmacy,"Standard generics - metronidazole, azelaic acid","Generic (no compounding, no fulfillment)","$19 consult, no membership required. Medication paid separately at the pharmacy: metronidazole from $23.38 at Costco, azelaic acid from $30.11.","~$42-49 first month (consult + med), then med cost only",None,None. Offers discount-card assistance instead.,None stated,$19,"Cheapest legitimate route to a real prescription; no subscription, no membership",'Get started'; 'See if rosacea treatment is right for me',"Price-led headline ($19), 'no membership required' friction-remover",AI intake -> provider review -> e-Rx to patient's own pharmacy,One-time. Refill-assessment reminders only.,UNVERIFIED,"THE PRICE FLOOR, AND THE MOST IMPORTANT CONSTRAINT ON ANY ROSACEA PLAY. Because it never touches fulfillment it can sell the consult at $19 - but for the same reason it earns no product margin and cannot fund paid acquisition, which is exactly why it is invisible in the Ad Library. Our defence is that a compounded multi-active hero SKU is not available at any pharmacy, so the $23 generic is not a like-for-like substitute.",https://drb.ai/care/dermatology/rosacea 2026-08-14
GoodRx Care,"Routine and urgent conditions (UTI, flu, dermatology) layered on GoodRx's generic-drug discount business",https://www.goodrx.com/care,https://www.facebook.com/ads/library/?active_status=active&ad_type=all&country=US&q=goodrx&search_type=keyword_unordered,215 (brand keyword); 'goodrx care' exact-phrase returned 0,"Retrieved via Apify actor apify/facebook-ads-scraper (onlyTotal mode) on 2026-08-14; direct HTTP to facebook.com/ads/library returns 403 and headless crawls return only the JS shell. CAVEAT: keyword_unordered counts every advertiser whose ad text matches the term, including affiliates, so it is an upper bound on the brand's own ads, not a clean brand count. The GoodRx brand keyword returned 215 active ads on 2026-08-14, but the exact phrase 'goodrx care' returned zero, indicating the Care sub-brand is not separately advertised on Meta.","UNVERIFIED - goodrx.com/care and /care/pricing were blocked on every attempt (PerimeterX anti-bot via crawler, HTTP 403 via direct fetch). Landing page type and CTA wording could NOT be captured and are deliberately left blank rather than guessed.","GoodRx Care telehealth visits plus GoodRx Companion, the renamed subscription (formerly GoodRx Gold).",N/A - no formulated product.,Generic-first by design. Companion bundles 'free access to more than 200 common generic medications' plus additional generics under $10 at retail pharmacies. The most retail-pharmacy-centric model in the set.,"SECONDARY SOURCES ONLY - primary site inaccessible. GoodRx Companion membership $14.99/month (corroborated across two independent sources); one source also cites $119.88 billed annually (~$9.99/mo), treated as UNVERIFIED. Telehealth visit $19 with membership; $39-$70 without (single source, LOW confidence).","$14.99/mo membership plus $19 per visit when used. Per the secondary framing, membership pays for itself in one to two visits.",UNVERIFIED - primary site inaccessible.,UNVERIFIED - primary site inaccessible.,UNVERIFIED - no guarantee language found in any accessible source.,"Three-part structure: membership fee, then a per-visit fee, then medication cost at the pharmacy - each separate. Structurally very likely given GoodRx's model, but the exact figures are secondary-sourced and should be spot-checked.",Price transparency on generics - the cheapest path to the same molecule.,UNVERIFIED - could not capture. Do not quote CTA wording for this brand.,UNVERIFIED - could not capture.,Membership -> discounted per-visit telehealth -> e-prescribe -> retail pharmacy pickup at a discounted or included price.,"GoodRx Companion, single tier at $14.99/mo per secondary sourcing, bundling 200+ free generics, $19 visits, and dental/vision/lab/imaging discounts.","Public company, NASDAQ: GDRX. FY2025 revenue $796.9M; FY2026 guidance $750-780M (a guided decline). 2025 subscription revenue $83.8M, with subscription revenue up 39% YoY in Q2 2026. GoodRx Care subscriber count specifically UNVERIFIED.","The lowest-cost competitor in the set and the clearest argument for why a compounded brand should not sell a plain molecule. GoodRx can put generic sildenafil in a customer's hand for under $10 with a $19 visit. Every brand in this sheet charging $100+/mo is selling something GoodRx structurally cannot: a multi-active blend, a novel format, or same-day discretion. Note this row carries the weakest sourcing in the sheet - the site actively blocks scraping, so flag it if the partner spot-checks it.",https://hitconsultant.net/2026/05/27/goodrx-launches-companion-healthcare-subscription/ ; https://www.stocktitan.net/news/GDRX/good-rx-reports-fourth-quarter-and-full-year-2025-eutccqpkc33a.html ; https://investors.goodrx.com/ ; Meta Ad Library URL in column D - retrieved 2026-08-14 (goodrx.com/care itself returned 403/anti-bot and could not be read)
Amino Co (The Amino Company),Supplements (non-Rx),aminoco.com,https://www.facebook.com/ads/library/?active_status=active&ad_type=all&country=US&q=Amino%20Co&search_type=keyword_exact_phrase,UNVERIFIED,Not separately queried in this pass. The two-token brand name is highly collision-prone in Meta keyword search and would return an unreliable number. Reported as UNVERIFIED rather than publishing a polluted count,Ecommerce product catalog,"Essential amino acid supplements: Perform for athletic performance, Life for active aging, Heal for recovery, Purity for liver health",Non-prescription essential amino acid formulations,Neither; OTC dietary supplement,Heal $99.00; Life $95.00; Purity $99.00,$95 to $99 per unit; subscription cadence not published,None observed,None observed,"60 Day Money back guarantee with a full refund if unsatisfied, stated with no completion or check-in conditions",None; no prescription involved,Patented amino acid science backed by decades of research,Shop All Products / Learn More,"5-star testimonials from named users; claims: 'patented or patent pending', '40 years of research' and '500+ peer-reviewed publications'. No aggregate review count or overall rating metric",Direct ecommerce,Not published,UNVERIFIED,"NOT A COMPETITOR, BUT A USEFUL PRICE AND GUARANTEE COMPARABLE. They sell a non-prescription supplement at $95 to $99, the exact price point of our planned $99/mo cream, and back it with a clean unconditional 60-day money-back guarantee. That is the guarantee standard a $99 prescription product should beat, and it contrasts sharply with Musely's heavily conditional 60-day guarantee.",https://www.aminoco.com/ + verified 2026-08-14
Honeydew Care,Teledermatology membership,honeydewcare.com / honeydew.com,https://www.facebook.com/ads/library/?active_status=active&ad_type=all&country=US&q=Honeydew%20Care&search_type=keyword_exact_phrase,~540,Meta Ad Library exact-phrase query returned ~540 active US ads on 2026-08-14. Top advertiser is the Honeydew Care page (facebook.com/sighlurskinpa) with creatives active since February and March 2026. This is the second-largest active ad count in the segment after Musely,Membership and pricing page with an app registration flow,"Accutane, Low Dose Accutane, Custom Compounding, Dupixent, Spironolactone, and treatments for acne, eczema, psoriasis and rosacea",Custom compounding is offered as a named service line; there is no fixed published hero formulation,Compounded and brand,"Membership pricing is not rendered publicly. The site promises 'Simple, transparent pricing', a free first consultation, and 'exclusive cash savings for medications and lab work'",UNVERIFIED,$25 off annual plans with code YEARLY25 for new patients; free first consultation,$25 off annual plans via code YEARLY25; annual prepay plans offered alongside monthly,None stated,Free first consultation,"Dermatologist-guided care personalized to your skin, with no insurance required",GET STARTED / START NOW,Site-wide promotional bar carrying a discount code; free-first-consult risk reversal; condition and treatment taxonomy built for SEO capture,Membership signup to app to Rx,"Monthly or annual membership, with annual discount-incentivized",UNVERIFIED,"THE HIDDEN HEAVY SPENDER. ~540 active ads makes them the second-biggest Meta buyer in this set, yet they will not show a price before registration. That price opacity is a conversion tax we can avoid. Their annual-prepay discount is the right retention lever for a treatment like ours where results take 8 weeks or more to appear.","https://www.honeydewcare.com/ + https://www.honeydew.com/pricing + Meta Ad Library, verified 2026-08-14"
TRT Nation,"Testosterone therapy, weight loss (GLP-1/GIP), anti-aging/sermorelin, sexual health, lab orders",https://trtnation.com,https://www.facebook.com/ads/library/?active_status=active&ad_type=all&country=US&q=trt%20nation&search_type=keyword_unordered,42,"Retrieved via Apify actor apify/facebook-ads-scraper (onlyTotal mode) on 2026-08-14; direct HTTP to facebook.com/ads/library returns 403 and headless crawls return only the JS shell. CAVEAT: keyword_unordered counts every advertiser whose ad text matches the term, including affiliates, so it is an upper bound on the brand's own ads, not a clean brand count.",Conversion-focused homepage with price in the title tag and hero; a 4-step self-serve funnel rather than a book-a-call gate.,"Testosterone therapy, weight loss therapy, sermorelin/anti-aging, sexual health, plus lab ordering (and acceptance of outside labs).","NOT DISCLOSED - the /testosterone-therapy/ product page returned no rendered text to the crawler (JavaScript-rendered), so mg/mL concentration, compounded status and any HCG/anastrozole/enclomiphene protocol are UNVERIFIED rather than guessed.",UNVERIFIED - could not be confirmed from source text.,Testosterone Therapy $99/mo (the price appears in the page title itself: 'America's Clinic | Testosterone Replacement Therapy $99/mo'); Weight Loss Therapy $219/mo marketed as 'Any dose same price'. Own lab-draw pricing UNVERIFIED (the /lab-orders/ page rendered no text).,"$99/mo for TRT and $219/mo for weight loss as advertised, though whether $99 is medication-only or all-in with consult could not be confirmed - UNVERIFIED.",'New Patients score 10% OFF your 1st treatment'.,"No order bumps captured. 'BRING YOUR OWN LABS' functions as a cost-reduction offer rather than an upsell - unusually, they accept outside bloodwork up to 6 months old.",UNVERIFIED - a Cancellation Policy page exists but its terms were not retrieved.,Not itemized separately from the $99/mo headline - UNVERIFIED whether a consult fee is included or additional.,"Price leadership and accessibility - '#1 IN THE NATION', flat-rate dosing, and acceptance of outside labs.","'Start TRT', 'Start Now', 'Order Labs', 'Customize Your TRT', 'Already a Patient? Sign In'","Embedded Google reviews widget showing 4.9 based on 2,037 reviews; LegitScript badge; 4-step process graphic; flat-rate dosing framed as a differentiator against dose-tiered competitors.",Select treatment -> submit or order bloodwork -> 1-on-1 provider visit -> ship via FedEx.,"Monthly subscription; operates in every state except Alabama, Alaska, Arkansas, Missouri and Hawaii; treats patients 24 and older only.","Private. No revenue or funding figures found - UNVERIFIED. Externally visible signals: 4.9 from 2,037 Google reviews and a registered address at 12602 Telecom Drive, Tampa FL 33637.","The most useful idea here is flat-rate dosing: 'any dose, same price' at $219/mo for GLP-1 removes the single biggest objection in dose-escalating categories, and it is the same insight Eden productizes as 'Same Price at Every Dose'. Two independent operators converging on that structure is a strong signal it converts. Accepting outside labs is also a smart, low-cost friction remover for the price-sensitive end of the market.",https://trtnation.com ; Meta Ad Library URL in column D - retrieved 2026-08-14
Clarivia (buyclarivia.com Shopify store),Toe fungus / onychomycosis,buyclarivia.com,https://www.facebook.com/ads/library/?active_status=active&ad_type=all&country=US&q=Clarivia&search_type=keyword_unordered,0 (measured 2026-08-14),Meta Ad Library keyword 'Clarivia' returned 'No ads match your search criteria' on 2026-08-14. The operator advertises only under the Vuret brand name; Clarivia is the back-end fulfillment/checkout identity. | agent-reported: 0 | verified via https://www.facebook.com/ads/library/?active_status=active&ad_type=all&country=US&q=Clarivia&search_type=keyword_unordered&media_type=all,"Shopify product/collection pages (direct-buy, no quiz)",Clarivia - 1 Month Supply; Clarivia - 3 Month Supply; Clarivia - 6 Month Supply,Not stated on the Shopify listings (product bodies are empty). Sister-brand Vuret discloses Itraconazole 1% + Terbinafine 1% + DMSO; quiz funnel copy states 'Get Itraconazole and Terbinafine From U.S.A. based Pharmacies',Compounded,"1 Month $124.00 (compare-at $169.00); 3 Month $296.00 (compare-at $507.00); 6 Month $517.00 (compare-at $1,014.00)",$124.00 / $98.67 / $86.17,None. Compare-at crossouts are the discount mechanic.,No order-bump or upsell app detected on the Shopify storefront. Bumps live on the CheckoutChamp side (start.getvuret.com). buy.getclarivia.com checkout carries a countdown timer: 'Your exclusive discount reserved for: Minutes Seconds'.,"90-day money back guarantee, per quiz-funnel FAQ: 'If you're not satisfied with your results within 90 days of starting treatment, you can request a full refund.'",$0 (FREE Doctor Visit included on 3- and 6-month tiers),"Direct-pay prescription topical, no insurance, no lab tests, no appointments",'Buy Now'; 'Check out',Compare-at price crossouts on every SKU; countdown timer on buy.getclarivia.com; LegitScript seal; HIPAA badge on quiz funnel,Shopify direct-buy running in parallel with the quiz funnel; all variants are one-time purchases (no Shopify selling plan attached),"Shopify variants are one-time (requires_selling_plan = none). Recurring behaviour is handled in CheckoutChamp, not Shopify.","Same operator as Vuret. Subdomains observed via certificate transparency: checkout / buy / shop / quiz / quiz-stg / staging-checkout .getclarivia.com, plus start / start2 / startfungus / callfungus / patient / sms .getvuret.com - i.e. a multi-campaign, multi-funnel test rig.",Confirms Vuret and Clarivia are ONE operator: getvuret.com links directly to quiz.getclarivia.com. Two live price ladders at once is the single most useful intel here - they are running a price test between $99/mo and $124/mo entry.,https://buyclarivia.com/products.json + https://buy.getclarivia.com + https://crt.sh + Meta Ad Library 2026-08-14
KEYWORD SWEEP: 'nail fungus',Toe fungus / onychomycosis,n/a,https://www.facebook.com/ads/library/?active_status=active&ad_type=all&country=US&q=nail%20fungus&search_type=keyword_unordered,"~8,500 (measured 2026-08-14)","~8,500 active US results on 2026-08-14. Top visible: NONYX Fungal Nail Clarifying Gel (6), Fungus Free Reset (3), Phrena (2), then singles incl. Emuaid, Nuvira, Kerasal, Orthovital pro, EveryMarket, Willow Rise, Celsius Herbs. | agent-reported: ~8,500 | verified via https://www.facebook.com/ads/library/?active_status=active&ad_type=all&country=US&q=nail%20fungus&search_type=keyword_unordered&media_type=all",Mixed - advertorial and marketplace listings,"OTC gels, supplements, nail salon services",,Predominantly OTC / supplement,,,,,,,Demand proof,,,Advertorial -> cart,,,"Broadest term in the category at ~8,500 active ads - 4x the 'toenail fungus' volume. Same picture: zero prescription telehealth brands in the visible top advertisers.",Meta Ad Library 2026-08-14
KEYWORD SWEEP: 'toe fungus prescription',Toe fungus / onychomycosis,n/a,https://www.facebook.com/ads/library/?active_status=active&ad_type=all&country=US&q=toe%20fungus%20prescription&search_type=keyword_unordered,"~2,800","~2,800 active US results on 2026-08-14. Fungus Free Reset alone accounted for 13 of the visible cards - by far the most concentrated advertiser on any sweep we ran. Others: Janel Essentials (3), Shannon Fitzgerald (2), then singles incl. Clinq Labs Health, Real Health Talk, Nail Exodus, Health Tips Daily, Dr. Kent Biehler, Dr. M. Bernstein.",Long-form advertorial with doctor-persona framing,Supplements and OTC positioned against the word 'prescription',,OTC / supplement masquerading against Rx intent,,,,,,,Demand proof + positioning gap,,,Advertorial -> cart,,,"THE SINGLE BEST GAP SIGNAL IN THIS SEGMENT. ~2,800 active ads are bidding on explicit PRESCRIPTION intent, and the advertisers serving it are supplement sellers and doctor-persona pages, not actual prescribers. A licensed compounded-Rx offer answers this query honestly and nobody at scale is doing it.",Meta Ad Library 2026-08-14
KEYWORD SWEEP: 'toenail fungus',Toe fungus / onychomycosis,n/a,https://www.facebook.com/ads/library/?active_status=active&ad_type=all&country=US&q=toenail%20fungus&search_type=keyword_unordered,"~2,100 (measured 2026-08-14)","~2,100 active US results on 2026-08-14. Top visible advertisers by card count: Fungus Free Reset (4), Camilla Vasquez (3), NONYX Fungal Nail Clarifying Gel (3), Nail Exodus (2), then singles incl. Emuaid, Nuvira, Kerasal, Celsius Herbs, Dr. Royal Rife's Healing Legacy, plus a long tail of local podiatry practices (Center for Ankle and Foot Care, Northeast Foot and Ankle, Orange County Foot & Ankle Group, CityMD, Pies Sanos Miami). | agent-reported: ~2,100 | verified via https://www.facebook.com/ads/library/?active_status=active&ad_type=all&country=US&q=toenail%20fungus&search_type=keyword_unordered&media_type=all",Mixed - mostly long-form advertorial (nutra) and local clinic lead forms,"OTC gels, supplements, laser/podiatry services",,Predominantly OTC / supplement,,,,,,,Demand proof,,,"Advertorial -> cart, or local lead form",,,"DEMAND IS REAL AND MOSTLY UNMET BY PRESCRIPTION PLAYERS. ~2,100 active ads and the paid field is dominated by supplements, OTC gels and individual-affiliate personas - not by licensed telehealth. Vuret's ~58 ads is under 3% of this keyword's active-ad volume. Bilingual note: 'Pies Sanos Miami' is the only Spanish-language advertiser visible, so Spanish creative is close to unclaimed here.",Meta Ad Library 2026-08-14
STRIDE,Toe fungus / onychomycosis,getmystride.com,https://www.facebook.com/ads/library/?active_status=active&ad_type=all&country=US&q=STRIDE&search_type=keyword_unordered,UNVERIFIED,"UNVERIFIED at brand level - the keyword 'STRIDE' is too generic to isolate this advertiser in the Ad Library. STRIDE did not appear among visible advertisers on any of the 'toenail fungus' (~2,100), 'nail fungus' (~8,500) or 'toe fungus prescription' (~2,800) sweeps on 2026-08-14, consistent with an SEO/content-led rather than paid-social strategy.",Long-form content/product site,STRIDE DUO (oral + topical); Oral Only; Topical Only,STRIDE DUO = pulse-dosed terbinafine (with fluconazole option) + STRIDE Clearnail Renewal compounded topical. Oral Only = FDA-approved terbinafine (Lamisil) or fluconazole (Diflucan).,Both - generic oral + compounded topical,STRIDE DUO from $210 / 3 months ($1.43/day); Oral Only from $129 / 3 months; Topical Only from $195 / 3 months,$70 (DUO) / $43 (oral only) / $65 (topical only),None found,None found on the public pages,Money-back guarantee referenced site-wide; exact terms sit behind /terms-of-services and were not read. Treat scope as UNVERIFIED.,Not stated (UNVERIFIED),Oral + topical combination therapy beats topical alone; claims:89% clinical success rate with combination therapy,'BUY NOW'; 'Get Treated'; 'Start Your Treatment Today',Repeated 89% efficacy stat; per-day price framing ($1.43/day); free delivery callout,Content/product page -> consult -> Rx -> ship,One-time purchase per 3-month treatment cycle,"No pharmacy or telehealth partner disclosed on the page (contrast with Vuret, which names all three vendors)","The only competitor attacking with ORAL therapy, and the cheapest per month in the category at $43-70. Not buying paid social, so not a near-term traffic threat - but the claims:89% success rate is their whole pitch and it sits above what the published onychomycosis literature supports for topicals, so it is an attackable claim rather than a moat.",https://getmystride.com + Meta Ad Library sweeps 2026-08-14
Vuret (Vurét),Toe fungus / onychomycosis,getvuret.com,https://www.facebook.com/ads/library/?active_status=active&ad_type=all&country=US&q=Vuret&search_type=keyword_unordered,~58 (measured 2026-08-14),"Meta Ad Library keyword 'Vuret' returned ~58 active US results; page 'Vurét' accounted for 16 of the visible cards, plus affiliate-style pages 'Health better day' (6) and 'Daily Health' (2). Checked 2026-08-14. | agent-reported: ~58 | verified via https://www.facebook.com/ads/library/?active_status=active&ad_type=all&country=US&q=Vuret&search_type=keyword_unordered&media_type=all",Brand site -> external quiz funnel (quiz.getclarivia.com) -> CheckoutChamp checkout (start.getvuret.com),Vuret Original; Vuret 2.0,Vuret Original = Itraconazole 1% + Terbinafine 1% + DMSO. Vuret 2.0 = Efinaconazole 10% + Ciclopirox olamine 8%.,"Compounded (503A licensed pharmacy, per site)","Quiz funnel ladder: 'Try One' 30-Day Supply $99 (orig $109); 'Most Popular' 90-Day Supply $79/mo, total $237 (orig $327, save $90); 'Best Value' 180-Day Supply $69/mo, total $414 (orig $654, save $240)",$99 / $79 / $69,No separate trial. Doctor Consultation listed at $199.00 struck to FREE; Ongoing Medical Support listed $99/mo struck to FREE,"4 checkout order bumps, each framed 'at 50% off' with anchor price: (1) 'Yes! Add 1-Year Medication Replacement Guarantee to my order at 50% off!' $7.95 (anchor $15.90); (2) 'Yes! Add Clinical Shipping Insurance to my order at 50% off!' $9.95 (anchor $19.90); (3) 'Yes! Add 12-Month Price Protection Plan to my order at 50% off!' $24.95 (anchor $49.90); (4) 'Yes! Add Medical Priority VIP Membership to my order at 50% off!' $49.95/Month (anchor $99.90) - RECURRING",'90 Day 100% Money-Back Guarantee ... Try it risk-free for 90 days ... we'll refund every penny. No questions asked.' Bullets: Full 90-day trial period / No questions asked / 100% refund if not satisfied / Cancel anytime,$0 (shown as $199.00 struck through to FREE at checkout),"Prescription-strength topical that penetrates the nail, without oral pills or liver risk; claims:realistic 9-12 month clearance timeline, claims:visible improvement within 3-6 months",'Start Your Consultation'; 'Qualify Now'; 'Begin Your Journey Today'; checkout button 'Complete Order',"Stat bar: 100% U.S. Licensed Physicians / 3K+ Satisfied Customers / 503A Licensed Pharmacy / 90-Day Money-Back Guarantee. LegitScript certified seal (ID 18553883). HIPAA Compliant badge. Trust row: HIPAA Compliant, Licensed Physicians, Discreet Shipping, Cancel Anytime. Named testimonials with age/location. 4 order bumps with 50%-off anchors and 'SPECIAL OFFER' flags.",Ad -> brand site -> 4-step quiz (severity image select) -> package select -> CheckoutChamp checkout -> async physician review -> drop-ship,Billed Monthly / Every 3 Months / Every 6 Months by tier; all tiers carry '12 Month Doctor Prescribed Refill'. FAQ states doctors typically prescribe a 12-month treatment plan. VIP Membership bump bills $49.95/month separately.,"claims:3,000+ satisfied customers. Vendor stack exposed publicly: ChemistryRX pharmacy (877-817-0843, 950 Henderson Blvd, Folcroft PA 19032); Beluga Health medical group (800-623-5842, 1321 Upland Dr Suite 18399, Houston TX 77043); MD Integrations (patient portal); CheckoutChamp checkout; Everflow affiliate tracking (aid 63).","PRIMARY RIP TARGET - full offer stack now verified at source, not inferred. Checkout campaign is literally named 'Vuret Main Campaign - Beluga'. Two live price ladders run in parallel (quiz funnel $99/$237/$414 vs Shopify $124/$296/$517) - they are testing price. NOTE FOR DILIGENCE: testimonial identities are reused inconsistently across the same checkout page (Linda K. appears as 'Age 52 - Texas' and 'Age 39 - Married 8 years'; Maria S. as 'Age 56 - California' and 'Age 47 - Married 18 years'), which is a fabricated-social-proof tell and an FTC exposure we must not copy.",https://getvuret.com + https://quiz.getclarivia.com/dosage + https://start.getvuret.com + Meta Ad Library 2026-08-14
Emuaid,Toe fungus / onychomycosis (OTC),emuaid.com,https://www.facebook.com/ads/library/?active_status=active&ad_type=all&country=US&q=Emuaid&search_type=keyword_unordered,~120 (measured 2026-08-14),~120 active US results on 2026-08-14; page 'Emuaid' accounted for 28 of the visible cards. Also surfaced organically in both the 'toenail fungus' and 'nail fungus' sweeps. | agent-reported: ~120 | verified via https://www.facebook.com/ads/library/?active_status=active&ad_type=all&country=US&q=Emuaid&search_type=keyword_unordered&media_type=all,Long-form advertorial,EMUAID / EMUAIDMAX topical ointments,,OTC homeopathic ointment. The site itself carries the required disclaimer: 'Homeopathic claims are not backed by scientific evidence - they are based only on theories of homeopathy from the 1700s that are not accepted by most modern medical experts.',EMUAIDMAX First Aid Ointment 2oz $63.90; EMUAID First Aid Ointment 2oz $52.90; EMUAID Therapeutic Moisture Bar 5oz $22.00; EMUAID Daily Essentials Skincare Bundle $119.00 on sale at $85.00,"$52.90-$63.90 per 2oz jar (duration of a jar not stated, so a true monthly figure is UNVERIFIED)",None found,Bundle discount ($119 to $85). No subscribe-and-save percentage shown on the pages fetched.,"claims:'We are so confident in the efficacy of EMUAID that we guarantee you'll experience less inflammation, less itching, and less pain within the first 24 hours of use.' Plus: 'If you don't experience noticeable relief, simply contact us for a full refund - no questions asked.'",n/a (no prescriber),Broad-spectrum 'works on everything' skin ointment with a 24-hour relief promise; heavy emoji-led direct-response creative (observed ad copy opened '(star) Experience remarkable improvement in...'),'Add to Cart'; 'Find Your Formula'; 'Get EMUAIDMAX',,Advertorial -> cart,,,"Highest single-brand active-ad concentration among OTC toe-fungus players we measured, at a $52.90-$63.90 price point that is roughly HALF Vuret's $99 entry - so it anchors buyers low before they ever see a prescription offer. Its 24-hour relief guarantee is also the most aggressive speed promise in the dataset, and it is a homeopathic product by its own admission, which is the credibility gap our licensed-prescriber positioning attacks.",https://www.emuaid.com + Meta Ad Library 2026-08-14
Kerasal,Toe fungus / onychomycosis (OTC),kerasal.com,https://www.facebook.com/ads/library/?active_status=active&ad_type=all&country=US&q=Kerasal&search_type=keyword_unordered,~380 (measured 2026-08-14),~380 active US results on 2026-08-14; page 'Kerasal' accounted for 8 visible cards. Notably 'Fungus Free Reset' also ran 4 cards against the Kerasal brand keyword - i.e. competitor conquesting. | agent-reported: ~380 | verified via https://www.facebook.com/ads/library/?active_status=active&ad_type=all&country=US&q=Kerasal&search_type=keyword_unordered&media_type=all,Retail/DTC product page,"Kerasal Fungal Nail Renewal, 0.33 fl oz","Urea, lactic acid, propylene glycol (keratolytic - softens and debrides nail, no antifungal active)",OTC cosmetic nail renewal (does not claim to kill fungus),UNVERIFIED - no price displayed on the product page fetched (kerasal.com routes purchase through retail partners),,None,No subscribe-and-save shown,None stated on the product page,n/a (no prescriber),"Speed of visible improvement - claims:'This formula starts visibly improving nails in just 2 days. Fast results, no guesswork.'",'Buy Now',,Retail + DTC cart,,,"The retail incumbent most buyers have already failed with before they search for a prescription, which makes 'you already tried Kerasal' a legitimate, non-fabricated opening line. Strategically important: its actives are purely keratolytic - urea, lactic acid, propylene glycol - so it cosmetically improves nail APPEARANCE without treating the infection. That is a factual, defensible contrast against a compounded antifungal, and it also explains the 2-day claim we must not try to match.",https://www.kerasal.com/products/kerasal-fungal-nail-renewal + Meta Ad Library 2026-08-14
NONYX Fungal Nail Clarifying Gel,Toe fungus / onychomycosis (OTC),nonyxnailgel.com,https://www.facebook.com/ads/library/?active_status=active&ad_type=all&country=US&q=NONYX&search_type=keyword_unordered,~18,"~18 active US results on 2026-08-14, of which the page 'NONYX Fungal Nail Clarifying Gel' accounted for 16 - an unusually pure brand term. NONYX also surfaced as a top advertiser on both broad sweeps: 3 cards on 'toenail fungus' and 6 on 'nail fungus'.",DTC/retail product page,NONYX Fungal Nail Clarifying Gel,,OTC,,,,,,,Clarifying keratin debris rather than claiming to kill fungus,,,Retail + DTC cart,,,"Small absolute budget but punches far above it on the generic sweeps, which suggests tightly-targeted buying. Pricing and guarantee UNVERIFIED in this pass.",Meta Ad Library 2026-08-14
Fungus Free Reset,Toe fungus / onychomycosis (supplement/advertorial),UNVERIFIED,https://www.facebook.com/ads/library/?active_status=active&ad_type=all&country=US&q=Fungus%20Free%20Reset&search_type=keyword_unordered,"~1,200","~1,200 active US results on 2026-08-14; the page itself accounted for 24 visible cards. It was ALSO the top advertiser on 'toe fungus prescription' (13 cards) and appeared on 'toenail fungus' (4) and against the Kerasal brand keyword (4). Related pages in the same cluster: Loosia (2), TryCalvris (2), Intertrigo Reset (1).",Long-form advertorial,Supplement/protocol positioned against nail fungus,,Supplement (non-Rx),,,,,,,Money-wasted / 'what podiatrists don't tell you' advertorial framing,,,Advertorial -> cart,,,"THE REAL VOLUME LEADER IN THIS CATEGORY - roughly 20x Vuret's active-ad count, and it conquests competitor brand terms. It is a supplement, so it cannot make prescription claims, which is exactly the wedge: we can say the one thing it legally cannot. Pricing and guarantee UNVERIFIED in this pass.",Meta Ad Library 2026-08-14
Nail Exodus,Toe fungus / onychomycosis (supplement/advertorial),UNVERIFIED - nailexodus.com does not resolve (DNS ENOTFOUND on 2026-08-14),https://www.facebook.com/ads/library/?active_status=active&ad_type=all&country=US&q=Nail%20Exodus&search_type=keyword_unordered,~230,"~230 active US results on 2026-08-14, all 22 visible cards from the single page 'Nail Exodus'. Also appeared on the 'toenail fungus' (2 cards) and 'toe fungus prescription' (1 card) sweeps.",UNVERIFIED - landing domain not reachable from the brand name,,,UNVERIFIED (presumed non-Rx),,,,,,,UNVERIFIED,,,UNVERIFIED,,,"Real and sustained ad spend (~230 active) but no reachable public brand site under the obvious domain, which is the signature of a cloaked/affiliate advertorial operation. Flagged rather than guessed - everything except the ad data is UNVERIFIED.",Meta Ad Library 2026-08-14
Nuvira,Toe fungus / onychomycosis (supplement/advertorial),"UNVERIFIED - nuvira.com is a parked 'URL for sale' frameset, not the advertiser's site",https://www.facebook.com/ads/library/?active_status=active&ad_type=all&country=US&q=Nuvira&search_type=keyword_unordered,~350,"~350 active US results on 2026-08-14, all 26 visible cards from the single page 'Nuvira'. Also appeared on both the 'toenail fungus' and 'nail fungus' sweeps.",UNVERIFIED,,,UNVERIFIED (presumed non-Rx),,,,,,,UNVERIFIED,,,UNVERIFIED,,,"Same pattern as Nail Exodus: meaningful spend, no discoverable brand home. nuvira.com resolves to a domain-for-sale parking frameset. Ad data is solid; everything else is deliberately left UNVERIFIED.",Meta Ad Library 2026-08-14 + https://nuvira.com
PeterMD (formerly Peter Uncaged MD),"TRT (injectable and oral), HCG, weight loss (GLP-1, B12+MIC), sexual function, hair loss, longevity, women's TRT",https://getpetermd.com (peteruncagedmd.com 302-redirects here),https://www.facebook.com/ads/library/?active_status=active&ad_type=all&country=US&q=petermd&search_type=keyword_unordered,82,"Retrieved via Apify actor apify/facebook-ads-scraper (onlyTotal mode) on 2026-08-14; direct HTTP to facebook.com/ads/library returns 403 and headless crawls return only the JS shell. CAVEAT: keyword_unordered counts every advertiser whose ad text matches the term, including affiliates, so it is an upper bound on the brand's own ads, not a clean brand count. The legacy name 'peter uncaged' returns ZERO ads while both 'petermd' and 'getpetermd' return 82 on 2026-08-14, confirming the rebrand is complete and that querying the old name would have wrongly shown this brand as inactive.","Instant-checkout ecommerce with a live cart, tiered plan pricing, strikethrough anchoring and a timed order-bump popup. Not a book-a-call model.","Men's TRT (injectable and oral/enclomiphene), HCG, GLP-1 weight loss, sexual function, hair loss, and a women's TRT line.","Injectable and oral TRT plus standalone HCG (one vial, 10,000 IU). Exact testosterone mg/mL NOT disclosed - UNVERIFIED.","UNVERIFIED - not explicitly stated, though 'U.S.-sourced medications' is claimed.","Men's TRT: 12-Month Plan $79/month (labelled Best Value, $948 total, against a stated 'Regular price: $1668', a claimed 43.17% saving); 6-Month Plan $109/month (Most Popular, $654 total); 1-Month Plan $139/month. Free shipping on all plans. HCG add-on $301 today versus $412 if added later.",$79-$139/mo depending on commitment length - a 43% spread between annual and monthly.,"No first-month teaser; commitment length is the discount mechanism. claims: 'Average Annual Cost - PeterMD: $948 / Our Competitors: $4,500+'.","A textbook exit-intent order bump, verbatim: 'Wait! Last Chance To Add HCG For Only $301 Today! ... This is the last time you'll see $301. One vial of HCG, 10,000 IU. Complete kit, physician monitoring, and discreet delivery included. $301 today. $412 if you add it later.' CTA: 'ADD HCG TO MY ORDER FOR ONLY $301.' Note this sells an adjacent protocol, not more of the same drug - a $301 attach on a $79/mo subscription.",UNVERIFIED - none found.,Not itemized - 'Unlimited provider access' is listed as an included feature rather than a separate charge.,"Scale and value - cheapest credible TRT, with a direct competitor cost comparison on-page.","'Add To Cart', 'Speak With Us', 'ADD HCG TO MY ORDER FOR ONLY $301'",Tiered plan-length discounting; 'Regular price' strikethrough anchoring; percentage-savings badges; Most Popular and Best Value flags; a timed order-bump popup with explicit price escalation; claims: 'The Largest Online Healthcare Clinic in North America'; claims: 'Trusted by 400K+ subscribers'.,Instant checkout -> intake -> provider review -> ship.,"Monthly subscription with 1, 6 and 12-month tiers; the annual plan is the heavily promoted default.",No funding or revenue disclosed - UNVERIFIED. claims: 400K+ subscribers; claims: largest online healthcare clinic in North America (unsourced).,"The best single order-bump script in the dataset, and it is worth copying almost verbatim in structure: name the exact price now, name the higher price later, state what is included, and put it at the moment of exit. Selling an ADJACENT protocol rather than more units is what makes it work - the customer is not being asked to reconsider the purchase they already decided on.",https://getpetermd.com/ ; https://getpetermd.com/mens-trt/ ; Meta Ad Library URL in column D - retrieved 2026-08-14
Joi + Blokes (formerly Blokes / Bluebird),"TRT (men), BHRT/hormones (women), peptides (sermorelin), NAD+, GLP-1 weight loss",https://joiandblokes.com (blokes.co 301-redirects here),https://www.facebook.com/ads/library/?active_status=active&ad_type=all&country=US&q=blokes&search_type=keyword_unordered,413 on 'blokes' (identical unordered and exact-phrase); 58 on the current brand string 'joiandblokes',"Retrieved via Apify actor apify/facebook-ads-scraper (onlyTotal mode) on 2026-08-14; direct HTTP to facebook.com/ads/library returns 403 and headless crawls return only the JS shell. CAVEAT: keyword_unordered counts every advertiser whose ad text matches the term, including affiliates, so it is an upper bound on the brand's own ads, not a clean brand count. The 'joinbluebird' query returned 0 active ads, independently consistent with that brand no longer operating. The 58 figure on 'joiandblokes' is the cleanest brand-specific count; the 413 on 'blokes' includes unrelated advertisers.",Labs-first ecommerce funnel: promotional banner -> product page -> lab and clinician requirement -> address availability check -> instant checkout. Not a book-a-call model.,"Men's TRT, enclomiphene, women's BHRT, sermorelin peptide therapy, NAD+, GLP-1.",Testosterone concentration (mg/mL) is NOT disclosed on the pages crawled - UNVERIFIED.,"UNVERIFIED at the exact-wording level. Compounded is likely given the $99/mo all-in price point and category norms, but the site does not say so on the pages crawled - flagged rather than assumed.","Membership fee $0 and consultation fee $0. Lab panels: Complete Hormone Panel $149; Advanced Panel $399 (71 biomarkers). Medications monthly: men's TRT $99/mo, enclomiphene $99/mo, women's BHRT $59/mo, sermorelin $199/mo, NAD+ $150/mo, GLP-1 from $199/mo. Additional at-home blood draw, processing and shipping fees apply, with NY/NJ variations.","$99/mo for men's TRT plus $149-$399 of upfront labs, so roughly $211-$432 in month one and $99/mo thereafter, before draw/processing fees.",65% off diagnostic labs with code LABS65 for new customers - a deep discount on the diagnostic gate to pull people into the recurring medication subscription.,The lab panel tier itself ($149 vs $399) is the main upsell. No separate checkout bump captured.,UNVERIFIED - no guarantee terms found on the pages crawled.,"$0 stated - 'All prescription products require a medical consultation with a licensed provider' at no listed charge. Labs, not the consult, are the paid gate.","Accessible hormone optimization for both sexes under one roof, with labs as the credibility mechanism.","'Checkout', 'ADD', 'Continue', 'Check Address', 'Schedule a Consult', 'Shop Women', 'Shop Men', 'Get started'",Promotional lab discount banner; biomarker counts (71 markers) as a value signal; address-availability gating; men's and women's split navigation.,"Labs -> clinician review -> Rx -> ship, with instant checkout rather than a sales call.",Monthly medication subscription with $0 membership; labs purchased separately upfront and periodically thereafter.,"UNVERIFIED - no revenue, funding or patient-count figures found.","CORRECTION TO THE BRIEF: the 'Blokes for men, Bluebird for women' structure is out of date. blokes.co now redirects to joiandblokes.com, where Joi is the women's division, and joinbluebird.com is a GoDaddy parking page listed for sale at $4,950 - the brand is gone, which the zero ad count independently confirms. The model insight is that discounting labs 65% to acquire a $99/mo recurring medication subscriber is a loss-leader diagnostic play, and it only works because TRT clinically requires ongoing bloodwork that ED does not.","https://joiandblokes.com/ ; https://joiandblokes.com/product/prescription-medication/ ; https://blokes.co (301 redirect) ; https://joinbluebird.com (parked, for sale) ; Meta Ad Library URL in column D - retrieved 2026-08-14"
Maximus,"TRT, enclomiphene, weight loss (GLP-1/GIP), growth hormone peptides, oxytocin cream, PDE5/blood flow, hair growth, labs",https://www.maximustribe.com,https://www.facebook.com/ads/library/?active_status=active&ad_type=all&country=US&q=maximus%20tribe&search_type=keyword_unordered,41,"Retrieved via Apify actor apify/facebook-ads-scraper (onlyTotal mode) on 2026-08-14; direct HTTP to facebook.com/ads/library returns 403 and headless crawls return only the JS shell. CAVEAT: keyword_unordered counts every advertiser whose ad text matches the term, including affiliates, so it is an upper bound on the brand's own ads, not a clean brand count.","Full ecommerce product catalog with plan pricing shown directly on product pages, feeding an assessment quiz plus an at-home lab kit. Not a book-a-call gate.","Injectable Testosterone (flagship), enclomiphene, sermorelin, GLP-1s, oxytocin calming cream, PDE5s, hair growth, comprehensive labs (up to 146 markers) and a 10-marker at-home testosterone test.","Injectable testosterone delivered subcutaneously in a pharmaceutical-grade MCT oil carrier (positioned against competitors' seed/sesame/cottonseed/castor oil), 1-2 injections weekly. Exact mg/mL concentration NOT disclosed - UNVERIFIED.","Compounded, explicitly: 'Compounded medications are not approved or evaluated for safety, efficacy, or quality by the FDA.'",Injectable Testosterone: 1-Month Plan $199.99/mo; 3-Month Plan $149.99/mo (labelled MOST POPULAR); 6-Month Plan $99.99/mo (labelled BEST VALUE). 'Pricing varies by dosage and plan length. May vary slightly by state.' Klarna financing offered; free priority shipping. Lab panel prices not captured - UNVERIFIED.,$99.99-$199.99/mo depending on commitment length - a 2x spread between the 1-month and 6-month plans.,No first-month discount; the intro mechanism is commitment-length pricing rather than a teaser rate.,No discrete checkout bump captured. The plan-length ladder is the primary conversion lever.,UNVERIFIED - none found on the crawled pages.,Not itemized - bundled into the subscription ('licensed doctor finalizes your prescription... message them 24/7').,"Clinical sophistication and protocol quality - MCT oil carrier, patents, published research, measurable testosterone gains.","'Start assessment', 'Start my assessment', 'Get Started', 'Member Login'","claims: 'Join 50,000+ men'; claims: 'clients saw a mean increase of up to 2x in total testosterone' from internal clinical data; claims: '7 research publications, 3 USA patents granted'; cited academic reference for low-T prevalence; LegitScript-certified pharmacies; HSA/FSA eligible; 'Not just telehealth - we're telehealthcare'.","Assessment quiz -> at-home lab test -> doctor finalizes prescription -> ship, with ongoing dose optimization.","Monthly subscription with 1, 3 and 6-month commitment tiers; longer commitment halves the effective monthly price.","Raised $15M in total venture financing including a Series A announced 2022-08-10, led by Keith Rabois at Founders Fund, with 8VC, Abstract Ventures, 10X Capital, Unshackled Ventures, OneVC and Gaingels. One secondary source states the Series A tranche specifically was $10M of the $15M total. Revenue UNVERIFIED. claims: 50,000+ members.","The cleanest commitment-ladder pricing in the sheet: $199.99 for one month against $99.99 on six months makes the long commitment feel like a 50% discount rather than a lock-in, and it front-loads cash and crushes churn. For a compounded brand facing high CAC, this is the single most directly transferable pricing structure here. The MCT oil carrier is also a lesson in manufacturing differentiation from an otherwise commodity molecule.",https://www.maximustribe.com/pricing ; https://www.maximustribe.com/testosterone/Injectable-TRT ; https://www.businesswire.com/news/home/20220810005177/en/Maximus-Raises-$15M-to-Optimize-Mens-Health-Hormones-Using-Cutting-Edge-Medicine ; Meta Ad Library URL in column D - retrieved 2026-08-14
Prime Body,"TRT/hormone replacement (primary), ED/sexual enhancement, weight loss",https://primebody.com,https://www.facebook.com/ads/library/?active_status=active&ad_type=all&country=US&q=prime%20body&search_type=keyword_unordered,21 (exact-phrase); 10696 on the unordered keyword search,"Retrieved via Apify actor apify/facebook-ads-scraper (onlyTotal mode) on 2026-08-14; direct HTTP to facebook.com/ads/library returns 403 and headless crawls return only the JS shell. CAVEAT: keyword_unordered counts every advertiser whose ad text matches the term, including affiliates, so it is an upper bound on the brand's own ads, not a clean brand count. The unordered figure of 10,696 is almost entirely noise from unrelated ads containing 'prime' and 'body'. The exact-phrase query returned 21 on 2026-08-14. Real ad scale here is very small - use 21, not 10,696.","Direct ecommerce checkout page with the medical questionnaire, account creation and payment all on one URL - a simpler architecture than Rex MD's multi-step advertorial.","Sildenafil, Tadalafil, 'Superman' (a rebranded sildenafil SKU), plus TRT and weight-loss lines.",mg strengths are NOT itemized on the checkout pages - UNVERIFIED. Products described by indication only.,"Generic, explicitly 'generic for Viagra' and 'generic form of the brand Cialis'. Not compounded, not brand-name.","FULL LADDER, identical on the sildenafil and tadalafil pages. Subscribe & Save: 18 pills $15.66, 12 pills $14.28, 6 pills $9.54 (3-month subscription minimum). One-Time Purchase: 18 pills $24.66, 12 pills $23.28, 6 pills $18.54. 'Superman' from $1.07 per pill.","Per-pill on subscription: $0.87 (18-pack), $1.19 (12-pack), $1.59 (6-pack). One-time: $1.37, $1.94, $3.09. The one-time tier costs 57-94% more per pill, a deliberate subscription-steering gap. These are the lowest verified per-dose prices in the dataset.","No intro-then-rebill ladder on the ED SKUs - the subscribe vs one-time prices are the standing prices. A sitewide banner offers a '$400 credit to your future TRT costs' with a '6 month obligatory engagement', which applies to the TRT line.","The notable tactic is a fee presentation, not a bump: the checkout Cart Breakdown shows 'Tax $0.00 / Handling $5.00 / Prescription $35.00 [struck through] FREE / Shipping $10.00'. A $35 prescription fee is displayed at full price then waived as a perceived concession, while $5 handling and $10 shipping ARE charged despite shipping being marketed as free elsewhere. On a $9.54 six-pack, those two fees are 157% of the product price.",None found - UNVERIFIED.,"$35 prescription fee listed then waived to FREE as a promotional device. Effectively $0, but presented as a $35 saving.","Lowest per-pill price, with TRT as the higher-ticket back end.","'Get Started', 'Next', 'Previous', 'Login', 'Checkout'","'Sildenafil by Primebody vs Others' comparison graphic; claims: 'helps 70-85% of men achieve and maintain an erection'; 'As Seen In: GQ, Forbes, Entrepreneur'. NOTABLY THIN social proof - no star rating, no review count, no testimonials, no timer, no sticky CTA, unlike every other DR brand here. Unusually broad card acceptance (UnionPay, Hipercard, troy) suggesting an international processing setup.",Direct checkout with embedded medical questionnaire -> Rx -> ship.,Subscribe & Save requires a 3-month minimum; one-time purchase available at a large per-pill premium.,"UNVERIFIED. No revenue, funding or customer data found. Listed office hours (Mon-Thu 10-5, Fri 10-2) suggest a small operation, though that is an inference rather than a verified fact.","Two tactics worth stealing and one worth avoiding. Steal the subscribe-versus-one-time spread - charging 57-94% more per pill for one-time purchase drives subscription take-up harder than any discount banner. Steal the waived-prescription-fee device, which manufactures a $35 concession at zero cost. Avoid their fee structure: charging $15 in handling and shipping on a $9.54 order while advertising free shipping elsewhere is the kind of detail that generates chargebacks and complaints.",https://primebody.com ; https://primebody.com/viagra-cialis-checkout/sildenafil ; https://primebody.com/viagra-cialis-checkout/tadalafil ; Meta Ad Library URL in column D - retrieved 2026-08-14
Marek Health,"TRT/HRT, hair loss, weight loss, sexual health, cognition, sleep, performance, heart health, fertility",https://marekhealth.com,https://www.facebook.com/ads/library/?active_status=active&ad_type=all&country=US&q=marek%20health&search_type=keyword_unordered,101,"Retrieved via Apify actor apify/facebook-ads-scraper (onlyTotal mode) on 2026-08-14; direct HTTP to facebook.com/ads/library returns 403 and headless crawls return only the JS shell. CAVEAT: keyword_unordered counts every advertiser whose ad text matches the term, including affiliates, so it is an upper bound on the brand's own ads, not a clean brand count.","Coaching-first, book-a-call funnel rather than instant checkout. Ends in a discovery scheduling form.","'Guided Optimization' - a coaching plus labs plus provider package, not a flat medication subscription. Testosterone injections and topical testosterone cream are the delivery options.",Injections ('our preferred route... allows for highly-personalized dosing and steady hormone levels') and topical cream. No mg/mL disclosed - UNVERIFIED.,UNVERIFIED - no compounded-versus-brand disclosure found on the pages crawled.,"Intake/assessment fee $299. Lab panel minimum purchase $450, verbatim: 'Unlock exclusive discounted pricing on advanced lab testing - minimum $450 lab panel purchase required.' Monthly medication price, follow-up lab fees and ongoing coaching fees are NOT published anywhere - UNVERIFIED.",CANNOT BE CALCULATED from public pages - UNVERIFIED. What is certain is that at least $749 is collected before any medication ships ($299 intake + $450 minimum labs).,None found - no intro discount published.,"UNVERIFIED - pricing is consult-gated, so any upsell structure sits behind the discovery call.",UNVERIFIED. A Cancellation & Refund Policy page exists but its terms were not retrieved.,The $299 intake fee functions as the combined assessment and coaching charge and includes a 25-minute provider consultation; it is separate from the $450+ lab minimum.,"Expertise and personalization, anchored on founder credibility rather than price.","'Start your journey', 'Start treatment online', 'Start your transformation', 'Book a free call'","claims: '50,000+ Marek Health clients transformed'; cited low-testosterone prevalence stats; podcast/press logo strip (Joe Rogan Experience, Jordan Peterson, Impact Theory, Modern Wisdom); LegitScript approved; founder credibility via Derek ('MPMD'), host of the MPMD podcast.",Book a call -> health coach assessment -> lab analysis -> 25-minute provider consult -> meds shipped from Marek's own pharmacies -> ongoing monthly coach check-ins and follow-up labs.,Not a flat subscription - an ongoing coaching relationship with recurring labs. Terms not published.,"No funding or revenue disclosed. Co-founded by Derek ('MPMD'). claims: 50,000+ clients.","The highest-ticket structure documented here and a deliberate refusal to publish a price. It works because the buyer arrives through founder trust (a podcast audience) rather than a price comparison, which is the opposite of a paid-ads compounded-Rx launch. Relevant as the ceiling of what this market will pay, not as a model to copy without an equivalent owned audience.",https://marekhealth.com ; https://marekhealth.com/testosterone ; Meta Ad Library URL in column D - retrieved 2026-08-14
Black Coral Wax,Waxing supplies (PCOS-angled creative),blackcoralwax.com,https://www.facebook.com/ads/library/?active_status=active&ad_type=all&country=US&q=hirsutism&search_type=keyword_unordered,1 (rendered subset),"Appears in the ""hirsutism"" sweep (~62 total active US) with the ad-level product name ""Hirsutism Chin Wax"" and a BLACKCORALWAX.COM destination card.",DTC ecommerce storefront,"Hard wax (Plumeria, Kai, White Coral, Black Coral, Mae Mae), soft wax, roll-on, paraffin, warmers, kits, ili Oil, Cleanser Gel",Hard wax (mechanical removal),n/a - cosmetic supply,"Plumeria Hard Wax $45 (2.2 lb, 18% off $55); Kai Hard Wax from $42 (19% off $52); ili Oil 60ml $28; Cleanser Gel 400ml $12; Wooden sticks from $9",UNVERIFIED - a 2.2 lb professional bag covers many months of chin use; not meaningfully a monthly product,15% off first order via newsletter,Percentage-off anchors across catalog; PRO wholesale tiers,"No explicit guarantee (emphasizes Free Shipping, Free Returns, Secured Checkout)",n/a,"SPLIT: the ad creative targets hirsutism directly (""Hirsutism Chin Wax""), but the website makes NO mention of hirsutism or PCOS and speaks only to professional estheticians","""Shop now"" (ad) / ""Add to cart"", ""Choose options"" (site)","claims: 4.7/5 from 67,000+ members; per-product review counts (Plumeria 764, Black Coral 249, Kai 254); newsletter 15% offer; post-purchase survey stat",Meta ad (condition-targeted) -> generic pro-supply storefront,None,Established esthetician supply brand,"TEXTBOOK MESSAGE-MATCH FAILURE AND A FREE LESSON. They buy the hirsutism click with a 'Hirsutism Chin Wax' ad, then land her on a page written for salon professionals that never says the word. The intent is there and they waste it - the same click converts for anyone who actually speaks to her.",https://blackcoralwax.com/ + Meta Ad Library 2026-08-14
MEDVi,"Weight loss (GLP-1) flagship, men's health/ED (QUAD), women's health, peptides/longevity, meal delivery",https://medvi.org (note: medvi.com is a blank parked shell),https://www.facebook.com/ads/library/?active_status=active&ad_type=all&country=US&q=medvi&search_type=keyword_unordered,2715 (unordered); 2718 exact-phrase,"Retrieved via Apify actor apify/facebook-ads-scraper (onlyTotal mode) on 2026-08-14; direct HTTP to facebook.com/ads/library returns 403 and headless crawls return only the JS shell. CAVEAT: keyword_unordered counts every advertiser whose ad text matches the term, including affiliates, so it is an upper bound on the brand's own ads, not a clean brand count. Both query types returned ~2,715 on 2026-08-14, and the near-identical figures confirm this is real brand volume rather than keyword noise. On this evidence MEDVi is the second-largest Meta advertiser in the set after Hims.","Product-specific advertorial microsite on a subdomain (quad.medvi.org), separate from the corporate hub, using animated count-up stat widgets.","MEDVi QUAD (ED), GLP-1 weight loss (compounded semaglutide/tirzepatide and oral tablets), women's health, peptides, MEDVi Meals.","QUAD, marketed as 'the world's first 4-in-1 formula': PT-141 (desire) + L-Citrulline (flow) + Sildenafil (strength) + Tadalafil (36-hour duration), as a rapid-absorb sublingual liquid. Individual mg strengths are NOT published - UNVERIFIED.","Compounded, explicitly: 'MEDVi QUAD is a compounded prescription medication requiring evaluation by a licensed clinician' and 'Compound medications are dispensed by state-licensed pharmacies but are not FDA approved.' Partner pharmacies named: Triad Rx (AL), RedRock (UT), Beaker (TX).","QUAD displays '$114' and '$179 /month' adjacently with 'Starting at', 'Or Bundle & Save More' and '36% Off Retail'. Most plausibly $114/mo promotional against a $179/mo retail anchor, but the page does not label a was/now relationship - the numbers are exact, the relationship is inferred (MEDIUM confidence). No per-dose pack ladder; QUAD is a flat monthly subscription.",$114-$179/mo for QUAD.,"No explicit first-month-then-rebill ladder found for QUAD beyond the $114 vs $179 framing. 'Risk-Free: If you don't qualify, you don't pay.'","No checkout bumps on the QUAD landing page - cross-sell happens at brand level (Meals, other verticals) rather than in-cart. UNVERIFIED beyond the intake form.","Cancel anytime, but refunds are heavily restricted. Verbatim: 'You may cancel your Subscription Service at any time for any reason,' requiring notice 'at least 72 hours prior to your next billing date.' Full refund only if cancelled 'within the first 72 hours... and you have not received any Subscription Services.' Otherwise: 'YOU WILL NOT BE ISSUED A REFUND UPON CANCELLATION FOR THE MONTH IN WHICH THE CANCELLATION OCCURRED OR FOR ANY PRIOR MONTHS.' Medical disqualification is refunded in full.",Not itemized - 'Doctor Consultation Included' is listed as a bundled feature of the monthly price.,"Formulation superiority - a 4-in-1 that claims to beat Viagra on hardness, Cialis on duration and Levitra on onset simultaneously, via a head-to-head comparison table against named brand drugs.","'SEE IF YOU QUALIFY' (primary), 'Get Started' (secondary)","'Old Way vs The QUAD Way' comparison table against Levitra/Viagra/Cialis; animated count-up stats; LegitScript badge (verifiable); first-name-only testimonials. NOTE inconsistencies: 'Join 500,000+ MEDVi patients' (corporate) vs 'Verified Results from 50,000+ Men' (QUAD), and Trustpilot shown as '4.5 out of 5' on QUAD vs '4.9 Excellent' on the homepage.",Advertorial microsite -> 3-minute intake -> US-licensed doctor review within 24 hours -> compounded pharmacy ships.,"Monthly subscription, cancel anytime with 72 hours notice; no refund for the current or prior months once service is received.","Reported by the New York Times (per financials the Times reviewed) at $401M revenue in 2025, its first full calendar year, on 250,000 customers, with 16.2% net profit (~$65M), and tracking toward ~$1.8B in 2026. Founded by Matthew Gallagher, built with ~$20,000 and AI tooling. CONFIRMED SEPARATELY: the FDA issued a warning letter to 'MEDVi, LLC dba MEDVi' dated 2026-02-20 (ref 721455) from CDER, concerning compounded semaglutide and tirzepatide shown on MEDVi's website with 'MEDVi' on the pictured label, implying MEDVi was the compounder when it was not. Note the FDA page returned 404 to direct fetch but is indexed on fda.gov under that exact title. Independent commentators have also questioned the glowing coverage, and a researcher publicly reported a HIPAA-related disclosure.","The most important row in this sheet. MEDVi is the existence proof for the exact play a new compounded-Rx brand is considering: a 4-in-1 compounded sublingual, a flat ~$114/mo subscription, an advertorial microsite, and roughly 2,700 active Meta ads - reportedly scaled to $401M in one year with no VC. It is also the cautionary tale: an FDA warning letter inside 14 months, over labeling that implied it compounded its own product. Copy the offer geometry, not the label. If you put your brand name on a vial someone else compounds, you are buying the same letter.",https://medvi.org ; https://quad.medvi.org ; https://medvi.org/refund-policy.html ; https://www.fda.gov/inspections-compliance-enforcement-and-criminal-investigations/warning-letters/medvi-llc-dba-medvi-721455-02202026 ; https://www.forbes.com/sites/josipamajic/2026/04/02/ai-and-20000-helped-one-man-build-a-18-billion-telehealth-startup/ ; Meta Ad Library URL in column D - retrieved 2026-08-14
Numan (UK),"Weight loss (GLP-1), ED, hair loss, blood tests/diagnostics",https://www.numan.com,https://www.facebook.com/ads/library/?active_status=active&ad_type=all&country=US&q=numan&search_type=keyword_unordered,132,"Retrieved via Apify actor apify/facebook-ads-scraper (onlyTotal mode) on 2026-08-14; direct HTTP to facebook.com/ads/library returns 403 and headless crawls return only the JS shell. CAVEAT: keyword_unordered counts every advertiser whose ad text matches the term, including affiliates, so it is an upper bound on the brand's own ads, not a clean brand count. Note the ad library was queried with country=US; Numan is a UK operator, so US-visible ads are largely irrelevant to its actual scale.",Long-form condition/product landing pages with dose-ladder pricing tables and heavy clinical citation - not short-form advertorial.,"Mounjaro, Wegovy, Wegovy Pill, Alli (weight loss); finasteride, minoxidil, Regaine (hair); sildenafil, tadalafil, Viagra Connect (ED); blood test kits.",Mounjaro (tirzepatide) 2.5/5/7.5/10/12.5/15mg; Wegovy (semaglutide) 0.25/0.5/1/1.7/2.4/7.2mg; finasteride 1mg; sildenafil up to 100mg. Dose ladders match the manufacturers' approved presentations.,Generic and branded manufactured medication dispensed through a GPhC-registered UK pharmacy. NOT US-style compounding - UK regulation does not permit it at consumer-DTC scale. CQC regulated; Superintendent Pharmacist named on site.,"ALL PRICES GBP. Mounjaro per month: 2.5mg £219, 5mg £249, 7.5mg £299, 10mg £319, 12.5mg £339, 15mg £359. Wegovy per month: 0.25mg £149, 0.5mg £179, 1mg £189, 1.7mg £219, 2.4mg £249, 7.2mg £379. ED 3-month plans: generic sildenafil £19.00/mo effective (£0.68/tablet, 28 tablets), generic tadalafil £17.33/mo (£2.17/tablet), own-brand premium tiers £46.67-£48.33/mo (£5.83-£6.04/tablet). Weight-loss programme 'From £20.00/month' in one place and 'first month from £46.20 (12-month commitment)' in another - an unresolved on-site inconsistency.",GBP. ED £12.33-£48.33/mo depending on tier; weight loss £149-£379/mo by dose. Not converted to USD - these are the listed native-currency prices.,ED: 'Save 60% on your first month of ED treatment (max. £35)'. Hair loss: 'Save 50% off your first order (max. £40)'. Struck-through was/now pricing is built into the default list display.,"Cross-sell add-ons priced as bump-style SKUs: glucomannan supplement from £12.66, blood test kit from £78.00, programme + Alli from £50.00/mo, programme + Wegovy from £129.00/mo, hair support supplement £9.34, rosemary oil £14.00.",'180 day guarantee - See results or your money back*' on the hair loss line. Asterisked conditions not captured - UNVERIFIED.,No standalone consult fee on product pages - clinical review is bundled. A separate one-off doctor consultation SKU exists but its price was not captured - UNVERIFIED.,Clinical rigour and preventative health - a 'healthcare co-pilot' rather than a pill vendor.,"'Get started', 'Buy now', 'Start your programme', 'Request treatment'",Before/after testimonial cards with named users and specific kg losses; struck-through was/now pricing; dose-ladder tables; numbered clinical citations including manufacturer SmPC references - a notably strong evidence/E-E-A-T pattern rarely seen on US DTC pages.,Long-form lander -> consultation and clinical review -> UK pharmacy dispensing -> ship.,Monthly recurring by default; 3-month prepay on ED at a lower effective monthly rate; weight-loss programme offers a 12-month commitment for the lowest first-month price.,"Closed a $60M (£44.6M) Series B extension including $27M growth debt from HSBC Innovation Banking, led by Big Pi Ventures with Endeavor Catalyst, White Star Capital and Novator Partners, reported July/August 2025. Total raised since 2018: $130.7M across six rounds.","DOES NOT SERVE THE US - Numan's Terms of Sale require UK residency and it explicitly blocks address-forwarding services. Not an acquisition threat, but the best model in this sheet for citation-led CRO: Numan cites manufacturer SmPCs and numbered clinical references directly on commercial pages. In a category where the FTC and FDA are actively issuing letters, that is a durable trust asset a US brand can copy without regulatory risk.",https://www.numan.com/ ; https://www.numan.com/weight-loss/mounjaro ; https://www.numan.com/weight-loss/wegovy ; https://www.numan.com/erectile-dysfunction/sildenafil ; https://www.numan.com/hair-loss ; https://hlth.com/insights/news/numan-raises-60-million-2025-08-19 ; Meta Ad Library URL in column D - retrieved 2026-08-14
Lemonaid Health,"Weight loss (GLP-1), mental health, men's health (ED, PE, hair loss), women's health, general/chronic care, primary care",https://lemonaidhealth.com,https://www.facebook.com/ads/library/?active_status=active&ad_type=all&country=US&q=lemonaid%20health&search_type=keyword_unordered,140,"Retrieved via Apify actor apify/facebook-ads-scraper (onlyTotal mode) on 2026-08-14; direct HTTP to facebook.com/ads/library returns 403 and headless crawls return only the JS shell. CAVEAT: keyword_unordered counts every advertiser whose ad text matches the term, including affiliates, so it is an upper bound on the brand's own ads, not a clean brand count.",Mega-menu marketplace homepage; each vertical routes to a dedicated sub-app lander on clinic.lemonaidhealth.com.,"Named proprietary ED/PE lines (Ironwood Rx, Morning Wood Rx, Bliss Rx), generic sildenafil and tadalafil, branded Viagra, and explicitly compounded tirzepatide and semaglutide for weight loss.","Ingredient composition of Ironwood Rx, Morning Wood Rx and Bliss Rx is NOT disclosed on the pages crawled - UNVERIFIED.","Genuinely mixed, and the most DTC-like of the marketplace group: plain generics, named proprietary blends, explicitly 'Compounded Tirzepatide Rx' and 'Compounded Semaglutide Rx', plus FDA-approved brand-name products.",'Lowest price ever for a limited time: GLP-1s starting at $129/mo'. ED daily treatment 'Starting at $2/pill'.,GLP-1 from $129/mo; ED from about $60/mo at $2/pill daily. Pricing is presented all-in rather than split into consult plus medication.,"'Lowest price ever for a limited time' urgency framing on GLP-1s. Referral: 'Give $10, get $10!'",No order bumps surfaced. UNVERIFIED beyond the gated flow.,UNVERIFIED - no guarantee or refund language located on the pages crawled.,"NOT surfaced separately. Unlike Sesame and PlushCare, Lemonaid's UI bundles consult, prescription and medication into one 'starting at $X/mo' figure - a meaningful structural difference within the marketplace group. UNVERIFIED whether a separate fee appears later in checkout.","Convenience and price, with proprietary product naming used to escape generic price comparison.","'Weight Loss Treatments - Start online in minutes', 'Mental Health Treatment - Start your assessment today', 'Erectile Dysfunction Treatments - Fast online care and delivery', 'Birth Control Treatments - Get care from home'",Urgency and superlative pricing claim; refer-a-friend loop; discreet-delivery framing; proprietary product naming (Ironwood/Morning Wood/Bliss) as a differentiation device against plain-generic competitors.,"Assessment -> e-prescribe, hybrid: plain generics route to standard fulfillment while compounded GLP-1s and named blends run through its own pipeline.",No distinct membership tier found; pricing is per-product monthly. UNVERIFIED whether a membership layer exists deeper in the funnel.,"A cautionary ownership history. Acquired by 23andMe in 2021 for ~$400M. 23andMe filed Chapter 11 in March 2025 after its 2023 data breach. In bankruptcy, Lemonaid was sold separately from the genetics assets to Bambu Ventures and Innova Capital Partners for approximately $10 million, closing around September 2025 - roughly a 97.5% markdown. The site is operating normally under the new owners. Current revenue and patient count UNVERIFIED.","The naming strategy is the lesson: 'Ironwood Rx' and 'Morning Wood Rx' let Lemonaid sell what is very likely commodity sildenafil at a price the customer cannot comparison-shop, which is the same move HeroMD makes with SURGE and PRIME and Rugiet makes with Ready. Name the product, never the molecule. The ownership arc is also a real warning about terminal value in this category - a $400M asset resold for $10M in four years.",https://lemonaidhealth.com/ ; https://www.lemonaidhealth.com/ed-options ; https://hlth.com/insights/news/bambu-ventures-and-innova-acquire-23andme-s-lemonaid-health-for-10m-2025-09-19 ; Meta Ad Library URL in column D - retrieved 2026-08-14
Hers,"Weight loss (GLP-1), sexual health, hair loss, mental health, skin - women's brand of Hims & Hers",https://www.forhers.com,https://www.facebook.com/ads/library/?active_status=active&ad_type=all&country=US&q=hers&search_type=keyword_unordered,"50,000 (measured 2026-08-14)","Retrieved via Apify actor apify/facebook-ads-scraper (onlyTotal mode) on 2026-08-14; direct HTTP to facebook.com/ads/library returns 403 and headless crawls return only the JS shell. CAVEAT: keyword_unordered counts every advertiser whose ad text matches the term, including affiliates, so it is an upper bound on the brand's own ads, not a clean brand count. Both keyword_unordered and keyword_exact_phrase returned 50,001, which is Meta's display ceiling. 'Hers' is a common English word, so this number reflects the search term, not Hers' ad volume. Treat as UNUSABLE as a brand proxy. | agent-reported: 50001 (Meta result ceiling - not a usable brand count) | verified via https://www.facebook.com/ads/library/?active_status=active&ad_type=all&country=US&q=Hers&search_type=keyword_unordered&media_type=all",Standard ecommerce category page feeding a quiz (forhers.com/g/i/wm).,"Weight loss GLP-1 line: Wegovy Pill, Wegovy Pen, Zepbound Vial, Zepbound KwikPen, Foundayo Pill, Ozempic Pill, Ozempic, Mounjaro, Zepbound. Also sexual health, hair loss, mental health and skin lines.","Brand-name GLP-1s, same disclosure language as Hims. mg strengths not published at category level - UNVERIFIED.",Brand-name for the weight-loss hero line (not compounded).,"Wegovy Pill from $149/mo; Wegovy Pen from $199/mo; Zepbound Vial and KwikPen from $299/mo; Foundayo Pill from $149/mo; Ozempic Pill from $149/mo; Ozempic from $199/mo; Mounjaro $1,899/mo; Zepbound $1,899/mo. Footnote: 'Price includes medication only, if prescribed.'","$149/mo medication floor PLUS the required $149/mo membership after month one, so roughly $298/mo effective ongoing.","Membership $39 first month, auto-renews at $149/mo. Free smart scale bundled 'at no extra cost* ($55 value**)'.","The free smart scale is a bundled incentive, not a paid bump. No discrete checkout order bump observed - UNVERIFIED.",UNVERIFIED - not located.,"Membership billed separately: '$39 for the first month, auto-renews at $149/month thereafter,' and it 'does not include or guarantee a prescription.'","Outcome-led and identity-led for women: named patients with specific results, plus named female clinicians as authority.","'See if I'm eligible', 'Get started', 'Start losing weight', 'Go to membership'","Four named customer video testimonials with results ('down 10 lbs in 2 weeks - Meet Samantha'), each disclosed 'Customers may have been compensated. Results have not been independently verified'; named medical experts with bios (Dr. Jessica Shepherd CMO, Dr. Craig Primack); LegitScript badge; app QR; FAQ accordion.","Quiz -> Rx -> ship, membership-gated.","Monthly membership $39 first month then $149/mo, billed separately from medication. Cancellation terms UNVERIFIED.","No separate reporting - consolidated into Hims & Hers Health, Inc. (NYSE: HIMS). See the Hims row for Q2 2026 figures.","The disclosure discipline is the copyable part: Hers pairs strong before/after claims with an explicit compensation and 'not independently verified' disclaimer on every testimonial. That is the FTC-safe way to run results-based creative, and it costs nothing to adopt.",https://www.forhers.com/weight-loss ; Meta Ad Library URL in column D - retrieved 2026-08-14
"Eden (tryeden.com, redirects to eden.health)","Weight loss (GLP-1), strength/ED, anti-aging (NAD+, glutathione), hair growth, mood, women's hormones, skincare",https://www.eden.health (from https://tryeden.com),https://www.facebook.com/ads/library/?active_status=active&ad_type=all&country=US&q=tryeden&search_type=keyword_unordered,46,"Retrieved via Apify actor apify/facebook-ads-scraper (onlyTotal mode) on 2026-08-14; direct HTTP to facebook.com/ads/library returns 403 and headless crawls return only the JS shell. CAVEAT: keyword_unordered counts every advertiser whose ad text matches the term, including affiliates, so it is an upper bound on the brand's own ads, not a clean brand count. Searched 'tryeden'; a search on the generic word 'eden' would be meaningless.","Ecommerce category page feeding an eligibility quiz, membership-gated - architecturally near-identical to Hims/Hers.","Compounded semaglutide and tirzepatide alongside brand-name GLP-1s; sermorelin, vardenafil+tadalafil, NAD+, glutathione, finasteride, minoxidil, GHK-Cu, MIC+B12, methylene blue, women's hormone therapy.",Compounded semaglutide and compounded tirzepatide are the heroes. Specific mg-dose tiers not captured pre-quiz - UNVERIFIED.,"Both, side by side: compounded semaglutide/tirzepatide at the low tier and brand-name Ozempic/Zepbound/Mounjaro/Wegovy at roughly 7-14x the price. claims: 'Compounded in the U.S.A.' and 'FDA-registered labs.'","Compounded semaglutide $99/mo; compounded tirzepatide $199/mo; brand-name Ozempic, Zepbound and Mounjaro $1,399/mo; Wegovy $1,695/mo. Membership $39 first month, auto-renews at $99/mo.","Compounded semaglutide effectively ~$198/mo ongoing ($99 medication + $99 membership); ~$138 in month one. CONFLICT: a third-party review site reports $149 first month / $249 ongoing, which contradicts the live site. The live-site figure is reported here as primary and the third-party figure flagged as possibly stale - worth a spot-check.",Membership $39 first month vs $99/mo thereafter. Coupon code 'GLP60' appears on the homepage (discount amount not disclosed - UNVERIFIED). Free expedited shipping.,"No checkout bump captured. The compounded-to-brand-name price ladder ($99 -> $1,399) is the real upsell architecture.","'Same Price at Every Dose' - a dose-pricing-consistency guarantee, NOT a money-back guarantee. Notable because dose escalation is where GLP-1 competitors typically raise the price.","$0 stated: 'Free, same-day consultation, 100% online, no in-person visits required.' The $99/mo membership is the real recurring access fee and is billed separately from medication.",Affordability and price stability against brand-name GLP-1 sticker shock.,"'Get started', 'See if you're eligible', 'Learn More', 'Check your options'","claims: '127,000+ members'; 'FSA & HSA eligible with all plans'; 'FDA-registered labs'; 'Compounded in the U.S.A.' No on-site star rating captured - UNVERIFIED.","Eligibility quiz -> Rx (compounded or brand-name) -> ship, membership-gated.",Monthly membership $39 first month then $99/mo; site states 'You can cancel anytime' with no mandatory commitment.,"UNVERIFIED, and there is a name-collision risk: a separately well-funded 'Eden Health' ($103M raised across Series B/C) is an EMPLOYER-BENEFITS virtual care company, not this consumer brand. Do NOT attribute that funding to tryeden. A third-party source reports Eden acquired Contigo Compounding in Aug 2025 and rebranded it 'Eden Pharmacy' - not independently confirmed.","The single best offer structure in this set for a compounded brand to study: 'Same Price at Every Dose' neutralizes the biggest objection in compounded GLP-1 (that the price climbs as the dose climbs) without costing a refund, and the $39 -> $99 membership converts the consult into recurring revenue. Owning the compounding pharmacy, if the Contigo report is accurate, is what makes the $99 price defensible.",https://tryeden.com/ ; https://www.eden.health/weight-loss ; Meta Ad Library URL in column D - retrieved 2026-08-14
Mochi Health,Weight loss telehealth expanding into hormonal,joinmochi.com,https://www.facebook.com/ads/library/?active_status=active&ad_type=all&country=US&q=Mochi%20Health&search_type=keyword_exact_phrase,~120,Meta Ad Library exact-phrase query returned ~120 active US ads on 2026-08-14 with the Joinmochi page as top advertiser; creatives active from March 2026 through August 2026,Membership landing page with a quiz intake,"Weight loss (compounded semaglutide, compounded tirzepatide, Zepbound), hair loss, skincare, mental health, menopause, longevity and sexual health across a claimed '120+ health goals and conditions'",No hirsutism or facial hair product surfaced anywhere on the site,Compounded and brand,"Membership $39 due today for the first month for new members, then $79/month. Compounded semaglutide from $60; compounded tirzepatide from $90","$79/month membership after the intro month, plus medication cost on top","$39 for the first month of membership, a 51% discount off the $79 ongoing rate",Multi-month prepaid plans offered,None. The site explicitly states 'Individual results are not guaranteed and may vary',Included in the $79/month membership rather than charged separately,Unlimited access to a physician and care team across many conditions for one membership fee,Get started,"claims: '500,000+ members' and '400+ board certified' providers; member testimonial quotes; no star ratings or review counts published",Quiz to membership to Rx,Monthly membership with multi-month prepay options; medication billed separately,"claims: 500,000+ members and 400+ board-certified providers (company's own marketing claim). Funding UNVERIFIED","MEMBERSHIP-PLUS-MEDICATION IS THE OTHER VIABLE MODEL. Splitting a $79 care membership from medication cost raises headline LTV but adds a second yes to the purchase decision. For a single-SKU cream at $99/mo, an all-in price is the better fit. Despite covering menopause and hormonal care they still skip hirsutism.","https://www.joinmochi.com/ + Meta Ad Library, verified 2026-08-14"
Musely (FaceRx),Women's derm / female facial hair,musely.com/facialhaircream,https://www.facebook.com/ads/library/?active_status=active&ad_type=all&country=US&q=Musely&search_type=keyword_exact_phrase,~810 (measured 2026-08-14),"Meta Ad Library exact-phrase query returned ~800 active US ads on 2026-08-14; top advertiser in results is the Musely FaceRx page (facebook.com/muselyfacerx); visible creatives span Nov 2025 to Mar 2026 still active, indicating sustained always-on buying rather than a burst | agent-reported: ~800 | verified via https://www.facebook.com/ads/library/?active_status=active&ad_type=all&country=US&q=Musely&search_type=keyword_unordered&media_type=all",Product page with quiz-style Rx intake (no long-form advertorial),"The Facial Hair Cream, plus a broad FaceRx catalog spanning Skin, Hair, Body, Menopause, Longevity and Exosome treatments",Compounded eflornithine cream. The page names eflornithine and 'other powerful ingredients' but does NOT disclose any percentage anywhere on the product page,Compounded,"$41/month advertised, explicitly 'Starting with a 2-month supply'","$41 effective per month. Derived: a 2-month supply at $41/mo bills roughly $82 per shipment, plus a one-time $20 online visit fee in year one",None; the $41/mo headline price IS the acquisition offer,UNVERIFIED (no order bumps or upsells visible on the public product page),"60-Day Result Guarantee, and the conditions are punitive: a refund requires completing every eNurse app check-in for 60 days without missing a single day, missed days cannot be backfilled, it covers the initial fill only and not refills, and the $20 doctor visit fee is explicitly nonrefundable",$20 online visit fee (shown in the on-page comparison chart),Cheapest prescription route to removing unwanted facial hair; price and volume leadership,Add to Cart,4.6 star rating with 44.3K ratings and reviews displayed above the fold; Cosmopolitan award badge; on-page comparison chart pricing the $20 online visit against alternatives; heavy category cross-linking,Product page to Rx intake to drop-shipped compounded fill,Auto-refill subscription shipping a 2-month supply per cycle,"Musely (legal entity Trusper) secured over $360M in non-dilutive capital from General Catalyst's Customer Value Fund, reported by TechCrunch on 2026-05-01. Earlier venture funding reported at roughly $22.2M across 4 rounds","THE VOLUME LEADER AND THE MAIN THREAT. ~800 active ads plus a $360M customer-acquisition facility means they can outspend a new entrant indefinitely. Two things are attackable: they refuse to publish the eflornithine percentage anywhere on the product page, and their guarantee is engineered to be nearly impossible to claim. A plainly stated strength plus a guarantee with no daily-check-in trap is a direct wedge.","https://www.musely.com/facialhaircream + https://support.musely.com/hc/en-us/articles/360049083653 + https://techcrunch.com/2026/05/01/musely-secures-360m-from-general-catalyst-without-giving-up-equity/ + Meta Ad Library, verified 2026-08-14"
Nutrafol,Women's hair loss (model-repeats proof),nutrafol.com,https://www.facebook.com/ads/library/?active_status=active&ad_type=all&country=US&q=Nutrafol&search_type=keyword_unordered,"~2,200","~2,200 active US results on 2026-08-14; 'Nutrafol' 14 visible cards, 'Nutrafol Men' 3, plus affiliate/persona pages (Based Supplies 5, Dr. Yoram Harth 5).",DTC product + quiz,Nutraceutical hair growth supplements,,Supplement (non-Rx),,,,,,,"Whole-body, drug-free hair thinning solution",,,Quiz/product page -> subscription,,,"Biggest single-brand paid footprint of any brand measured in this dataset (~2,200 active ads) and it is a SUPPLEMENT, not a prescription. Same structural setup as toe fungus: enormous supplement spend proving the pain, with the prescription lane comparatively quiet. Pricing UNVERIFIED in this pass.",Meta Ad Library 2026-08-14
Vegamour,Women's hair loss (OTC benchmark),vegamour.com,https://www.facebook.com/ads/library/?active_status=active&ad_type=all&country=US&q=Vegamour&search_type=keyword_unordered,~340,"~340 active US results on 2026-08-14; brand page 'Vegamour' 16 visible cards plus a creator-collab and retail structure (Sephora 2, Amazon Beauty 1, 'Hayley Brooks with Vegamour', 'The Dudes Digest with Vegamour', 'Kristina Hernandez with Vegamour', 'The Black Hair Care Journal' 3).",DTC product pages + creator collabs,Plant-based hair serums and supplements,,OTC cosmetic / supplement,,,,,,,"Drug-free, plant-based alternative to minoxidil",,,Product page -> subscription,,,Runs the retail-plus-creator playbook (Sephora and Amazon alongside paid social) that none of the compounded telehealth brands use. Pricing UNVERIFIED in this pass.,Meta Ad Library 2026-08-14
Oana Health,Women's hormonal / PCOS / hirsutism,oanahealth.com,https://www.facebook.com/ads/library/?active_status=active&ad_type=all&country=US&q=Oana%20Health&search_type=keyword_exact_phrase,~5 (measured 2026-08-14),"Meta Ad Library exact-phrase query returned 'No ads match your search criteria' on 2026-08-14. A looser keyword_unordered query returned only ~5 results and none belonged to Oana. This brand runs effectively zero paid Meta acquisition and is SEO-led instead, with a large blog content farm of eflornithine and hirsutism posts plus a dedicated hirsutism landing page | agent-reported: 0 | verified via https://www.facebook.com/ads/library/?active_status=active&ad_type=all&country=US&q=Oana%20Health&search_type=keyword_unordered&media_type=all","Dedicated long-form product landing page, plus category pages and a heavy SEO blog","Hairless Hype (the hero), standalone Eflornithine 12%, Topical Metformin, Metformin HCL Lotion 20%, Oral Metformin ER, Oral Minoxidil, Spironolactone",Hairless Hype = eflornithine 12% and 16% + metformin 5% + azelaic acid,Compounded,"Inconsistent across their own pages. Homepage says Hairless Hype 'Starting at $115/month'; the unwanted-hair category page lists it at $119/month; the hirsutism landing page prices it $69 for 20gm or $139 for 60gm with membership. Standalone Eflornithine 12% is $119/month on the category page. Spironolactone $28/mo, Oral Metformin ER $29/mo, Oral Minoxidil $25/mo, Metformin HCL Lotion 20% $69/mo, Topical Metformin from $89/mo",$115 to $139 per month depending on which of their own pages the buyer lands on,10% off the first month with code WELCOME10; a newsletter popup offers $20 off the first treatment,10% first-month code WELCOME10; $20-off newsletter capture; no order bumps observed,None offered,$20 one-time medical approval fee per Oana's own published guidance; it is not surfaced on the product page itself,PCOS and female-hormonal-health specialist; anchors against the cost of brand Vaniqa,Get Hairless Hype,"5-star testimonial blocks with named patients (Allison L., Victoria A.); LegitScript Certified badge; FDA-regulated-pharmacy language; free shipping on all treatments; clinical-stat callouts such as 81% of women showing significant improvement within a year. No aggregate review count and no before/after photography",Landing page to Rx intake to drop-shipped compounded fill,Monthly subscription with automatic refills; 20gm and 60gm size options,"UNVERIFIED. A Crunchbase profile exists but discloses no round or amount, and no press coverage of a raise was found","CLOSEST DIRECT COMPETITOR AND THE SAME THREE ACTIVES AS OUR HERO SKU. Critically they buy zero Meta traffic, so the paid channel for this exact formulation is uncontested right now. Two exploitable weaknesses: their own pages quote four different prices for the same product ($115, $119, $69, $139), which reads as disorganized at the moment of purchase, and they offer no guarantee at all.","https://www.oanahealth.com/ + https://www.oanahealth.com/category/unwanted-hair + https://www.oanahealth.com/reduce-hirsutism-and-unwanted-hair-growth + Meta Ad Library, verified 2026-08-14"
Wisp,"Women's sexual and reproductive health, plus facial hair",hellowisp.com,https://www.facebook.com/ads/library/?active_status=active&ad_type=all&country=US&q=hellowisp&search_type=keyword_exact_phrase,"~1,600 (measured 2026-08-14)","Meta Ad Library exact-phrase query on the brand token 'hellowisp' returned ~170 active US ads on 2026-08-14 with the wisp page (facebook.com/hellowisp) as top advertiser. A bare 'Wisp' query returns ~1,500 and is unusable because it collides with an unrelated 'Wisp AI' note-taking app | agent-reported: ~170 | verified via https://www.facebook.com/ads/library/?active_status=active&ad_type=all&country=US&q=Wisp&search_type=keyword_unordered&media_type=all",Ecommerce shop grid plus a symptoms quiz,"Slow the Grow! facial hair cream, plus a large catalog: BV antibiotics from $15, yeast antifungals from $45, period delay from $39, DoxyPEP from $22, generic Plan B from $12.50, boric acid suppositories from $27, and 20+ at-home diagnostic panels from $79 to $279",Slow the Grow! Prescription Facial Hair Reduction Cream with Eflornithine Hydrochloride 13.9%,Compounded. The site describes it as a 'compounded equivalent to Vaniqa',"Starting at $58/month, with a choice of one-time treatment or subscription",$58,None,Wisp+ membership advertised as up to 25% off all products,None stated,Not itemized. The page says the price 'Includes consult and providers issuing of prescription' but also warns it 'Does not include cost of medication at local pharmacy',Highest available concentration on the market; convenience and breadth of women's telehealth,Get Started,4.3 out of 5 star rating shown with no review count published; free discreet delivery messaging; no comparison table and no before/after imagery,Shop or quiz to Rx; fulfillment is ambiguous (see notes),Choice of one-time purchase or recurring subscription,"Approaching a ~$100M revenue run rate and profitable per Forbes (Dec 2025); surpassed 1,000,000 patients served (Aug 2024); majority stake acquired by WELL Health in Oct 2021; homepage claims 1.8 million people served","THE STRENGTH BENCHMARK AND THE PRICE FLOOR. At 13.9% they match the Vaniqa registration-trial concentration and sell it at $58, so any strength claim we make must beat or honestly contextualize 13.9%. Their real weakness is fulfillment ambiguity: the page simultaneously promises free home delivery and warns that medication cost at a local pharmacy is excluded, which is a confusing and refund-generating experience we can beat on clarity alone.","https://hellowisp.com/products/eflornithine-facial-hair-cream + https://www.hellowisp.com/shop-home + https://www.forbes.com/sites/geristengel/2025/12/18/how-wisp-built-a-profitable-womens-telehealth-company/ + Meta Ad Library, verified 2026-08-14"
Nurx,Women's telehealth (broad),nurx.com,https://www.facebook.com/ads/library/?active_status=active&ad_type=all&country=US&q=Nurx&search_type=keyword_exact_phrase,~90 (measured 2026-08-14),Meta Ad Library exact-phrase query returned ~96 active US ads on 2026-08-14 with the Nurx page (facebook.com/nurxapp) as top advertiser; creatives launched in July 2026 | agent-reported: ~96 | verified via https://www.facebook.com/ads/library/?active_status=active&ad_type=all&country=US&q=Nurx&search_type=keyword_unordered&media_type=all,Category site with per-condition intake flows,"Birth control (50+ types), menopause and HRT, mental health, weight management, skincare (acne, anti-aging, eyelash growth, melasma, rosacea), sexual health, hair loss and dandruff, BV, UTI and yeast",No hirsutism or eflornithine offering anywhere in the catalog,Both,"Not published. Positioned as 'Affordable with or without insurance', with weight management 'as low as $0 with insurance'",UNVERIFIED,None,None observed,None stated,Not published. The site notes 'additional costs' for consultation and care fees on certain services,Insurance-friendly breadth and affordability,Get weight management treatment for as low as $0 with insurance,"4.7 Excellent and 4.8 ratings shown with '26,691+ Nurx-wide reviews'; insurance-acceptance badges",Category to intake to Rx,Medications shipped and billed monthly or quarterly depending on subscription,"Owned by Thirty Madison, which Remedy Meds agreed to acquire in an all-stock deal valued at over $500M, announced 2025 with closing expected Q4 2025","ANOTHER ABSENT PLAYER. Nurx already sells melasma and rosacea telederm to exactly our buyer and still sells nothing for facial hair. Their parent is mid-acquisition, which usually means reduced appetite for new category bets over the next few quarters. That is our window.","https://www.nurx.com/ + https://www.fiercehealthcare.com/telehealth/glp-1-newcomer-remedy-meds-acquire-thirty-madison-500m-deal + Meta Ad Library, verified 2026-08-14"
Hers (forhers.com),Women's telehealth (broad) / skincare,forhers.com,https://www.facebook.com/ads/library/?active_status=active&ad_type=all&country=US&q=forhers.com&search_type=keyword_exact_phrase,"50,000 (measured 2026-08-14)","Meta Ad Library exact-phrase query on 'forhers.com' returned ~510 active US ads on 2026-08-14 with the Hers page (facebook.com/wearehers) as top advertiser. A bare 'Hers' query returns over 50,000 and is unusable because the word is a common English pronoun | agent-reported: ~510 | verified via https://www.facebook.com/ads/library/?active_status=active&ad_type=all&country=US&q=Hers&search_type=keyword_unordered&media_type=all",Category and product pages inside a large branded site,"Skincare delivered in partnership with Apostrophe (acne, anti-aging, dark spots), plus Labs, Weight Loss, Perimenopause, Menopause, Hair Regrowth, Mental Health and Sexual Health",No hirsutism or eflornithine product exists anywhere in the catalog,Both compounded and generic across the catalog,UNVERIFIED at the category level; prices sit behind the intake flow and the melasma URL now returns a 404,UNVERIFIED,UNVERIFIED,UNVERIFIED,UNVERIFIED,UNVERIFIED,One-stop personalized women's health with medical-grade solutions,Log in / category navigation (no single hero CTA on the skincare category page),"Partnership co-branding with Apostrophe used as the clinical credibility signal; anchor-tile category navigation. Note that /skin-care/melasma returns a 404 branded error page, a live CRO leak on a high-intent keyword",Category to intake to Rx,Subscription across categories,"Hims & Hers reported roughly $2.35B revenue for FY2025, up 59% year over year, with net income of $128M, adjusted EBITDA of $318M, and over 2.5 million subscribers","THE ABSENT GIANT, AND THE SINGLE MOST IMPORTANT STRUCTURAL FACT IN THIS SEGMENT. A $2.35B public women's telehealth company with 2.5M subscribers and ~510 active ads sells nothing for unwanted facial hair. There is no 'Hims for hirsutism'. The category has no default brand.","https://www.forhers.com/skin-care + https://investors.hims.com/news/news-details/2026/ + Meta Ad Library, verified 2026-08-14"
