BRAND,VERTICAL,WEBSITE,AD_LIBRARY_URL,ACTIVE_ADS_COUNT,AD_SCALE_EVIDENCE,LANDING_PAGE_TYPE,PRODUCTS_OFFERED,HERO_FORMULATION,GENERIC_OR_COMPOUNDED,PRICING_AS_LISTED,EFFECTIVE_PRICE_PER_MONTH,INTRO_OR_TRIAL_OFFER,DISCOUNTS_AND_BUMPS,GUARANTEE,CONSULT_FEE,PRIMARY_ANGLE,CTA_WORDING,CRO_ELEMENTS,FUNNEL_MODEL,SUBSCRIPTION_STRUCTURE,COMPANY_SCALE,VERDICT_NOTES,SOURCE_AND_DATE
Curology,Acne (model-repeats proof),curology.com,AdLib q=Curology,~63 (measured 2026-08-14),~63 active US results on 2026-08-14; page 'Curology' 22 visible cards…,Quiz-first telehealth funnel,Custom compounded acne formula plus adjacent skincare,,Compounded (personalised…,,,,,,,Personalised prescription formula built by your provider,,,Quiz -> Rx -> subscription ship,,,The original proof of this business model and now visibly PAST its aggressive-acquisition phase - only ~63 active ads f…,Meta Ad Library 2026-08-14
Apostrophe,Acne / derm telehealth,apostrophe.com,AdLib q=Apostrophe%20skincare,0 on this keyword,The keyword 'Apostrophe skincare' returned 'No ads match your search…,Quiz-first telehealth funnel,"Prescription acne, anti-aging and rosacea topicals",,Mix of generic and compou…,,,,,,,Dermatologist-designed personalised prescription skincare,,,Quiz -> Rx -> subscription ship,,,"A funded, well-known derm telehealth brand showing no measurable paid-social presence on any condition keyword we swept…",Meta Ad Library 2026-08-14
Calvris / TryCalvris,Adjacent (surfaced in toe fungus…,calvris.com (trycalvris.com 301-r…,AdLib q=Calvris,~150,~150 active US results on 2026-08-14: page 'TryCalvris' 18 visible ca…,Product page with long-form marketing secti…,Beard Recovery Cream,Proprietary 'Dry-Safe Complex' described only as 'antifungal agents a…,OTC cosmetic (carries the…,UNVERIFIED - the page returned an internally inconsistent pair ($44.99 regular against a $65.95…,,,,'Results in 1 Week or Money Back!' and '120-day Money-Back Guarantee. If…,,Antifungal positioning applied to beard/skin rather than nails,'Try Calvris Today'; 'Shop Now'; 'Try Risk…,,Advertorial/product page -> cart,,,"Included because it advertises inside the same cluster as the toe fungus supplement operators, but the product is a BEA…",https://calvris.com + Meta Ad Library 2026-08-14
Braun Silk-expert Pro 5,At-home IPL device,us.braun.com,AdLib q=unwanted%20facial%20hair,UNVERIFIED at keyword level,Not isolated in rendered subsets. Retail/marketplace distribution rat…,Retail/marketplace listing,Silk-expert Pro 5 IPL (IPL5137 / PL5157 / Glow Edition),IPL device,n/a - device,$280 on Amazon; $239.99-$299.99 Costco Glow Edition; ~$419 stated retail,$23.33/mo at $280 annualized over 12 mo (up to $34…,Retailer discounting is the offer,"Bundle editions include extra heads, razor, vanity case",Retailer-dependent (no brand-level guarantee published on product pages),n/a,Permanent laser-grade hair reduction at home from a trusted legacy br…,"Retailer ""Add to cart""",Retail trust; bundle editions; price-tracked discounting,Retail purchase,None (one-time device),Global appliance brand (Procter & Gamble lineage),THE TRUST INCUMBENT. She already believes Braun. Prices are retailer-set and third-party sourced here - official Braun…,https://us.braun.com/en-us/female-hair-removal/ipls/silk-expert-pro-5-pl5…
Kenzzi,At-home IPL device,kenzzi.com,AdLib q=unwanted%20facial%20hair,UNVERIFIED at keyword level,Not isolated in rendered subsets.,DTC site routing to retail,ICE Cooling IPL Handset,IPL device,n/a - device,$699.99,$58.33/mo (annualized over 12 months),None published,None published,"90 Day Money Back Guarantee (stated as ""IPL ICE USA 90 Day Money Back Gau…",n/a,Cooling-enhanced IPL comfort,"""shop now at walmart"" / ""learn more""",Retail-channel handoff; no review count or rating displayed on site,DTC site -> Walmart retail,None (one-time device),Small DTC device brand,"MOST EXPENSIVE DEVICE FOUND AND THE WEAKEST MERCHANDISING - no reviews shown, a typo in the guarantee, and it pushes it…",https://www.kenzzi.com/ 2026-08-14
Nood,At-home IPL device,trynood.com,AdLib q=peach%20fuzz,~440 (measured 2026-08-14),Not isolated in the rendered subsets of these sweeps; sustained natio…,DTC product page,The Flasher 2.0; The Flasher Pro; Noodist Pro Kit,IPL device,n/a - device,"Flasher 2.0 $179 (reg $199, 10% off); Flasher Pro $379; Noodist Pro Kit $399 (reg $507, 21% off)",$14.92/mo (Flasher 2.0 $179 annualized over 12 mo)…,$98 OFF Flash Pro Kit,Kit bundling saves 21%,"""Try The Flasher for 90 days. If you've still got hair to spare, we'll ho…",n/a,Long-lasting hair removal plus visibly younger skin; clinical-grade p…,"""Shop Now""",4.6/5 from 380 reviews; bundle ladder; plain-English 90-day guarantee copy,DTC ecommerce,None (one-time device),Well-funded DTC device brand,CHEAPEST CREDIBLE DEVICE AT ~$15/MO ANNUALIZED - the hardest price anchor in the device category. Note the guarantee is…,https://trynood.com/ 2026-08-14
Philips Lumea 9900 Series,At-home IPL device,philips.com,AdLib q=unwanted%20facial%20hair,UNVERIFIED at keyword level,Not isolated in rendered subsets. Retail-led distribution.,Retail/marketplace listing,Lumea IPL 9900 Series BRI973 / BRI977 / BRP958,IPL device with SenseIQ,n/a - device,BRI973 $539 (reg $679); BRI977 $599 (reg $699); $410.99 at some importers,$44.92-$49.92/mo (device annualized over 12 months),Reseller sale pricing,Attachment bundles (3 vs 4 heads incl. dedicated facial attachment),Retailer-dependent,n/a,Premium at-home IPL with skin-sensing tech and a dedicated facial att…,"Retailer ""Add to cart""",Premium positioning; attachment tiering,Retail purchase,None (one-time device),Global appliance brand,THE PRICE CEILING FOR DEVICES AT ~$45-50/MO ANNUALIZED - it lands inside our $40-70 thesis band. Prices here are resell…,https://us.beautysook.com/products/philips-lumea-bri977-9900-series-ipl-h…
Ulike,At-home IPL device,ulike.com,AdLib q=vello%20en%20la%20cara,~360 (measured 2026-08-14),"Appears as ""Ulike Global"" on the Spanish keyword ""vello en la cara"" (…",DTC product page,"Air 10, Air 3, Air+ IPL handsets",Intense Pulsed Light (IPL) device,n/a - device,"Air 10 $259.00 (25% off; additional $90-off coupon advertised); ""Glow Fest: Up to 40% Off"" site…",$21.58/mo (device $259 annualized over 12 months)…,Up to 40% off seasonal sale; $90 coupon,Free US shipping; seasonal stacking coupons,90-Day Money Back Guarantee (100-day trial also advertised in places),n/a,Painless at-home permanent hair reduction; speed and safety,"""Shop Now""",Sitewide sale banner; coupon codes; 90-day guarantee; heavy review volume,DTC ecommerce,None (one-time device),Global category leader in at-home IPL,PRICE-ANCHOR RIVAL AND THE ONLY DEVICE BRAND FOUND RUNNING SPANISH CREATIVE. At $21.58/mo annualized it sits right in o…,https://www.ulike.com/products/sapphire-air-10-ipl-hair-removal + Meta Ad…
Skin Medicinals,B2B2C compounded dermatology pres…,skinmedicinals.com,AdLib q=Skin%20Medicinals,~29,Meta Ad Library exact-phrase query returned ~29 active US ads on 2026…,B2B prescriber signup plus a patient login,Oral and topical medications and customized acne and anti-aging compounds acr…,Physician-selected compounded formulations rather than a single brand…,Compounded,No consumer subscription price. An illustrative cost comparison is shown: generic clobetasol at…,Not applicable; this is not a DTC subscription,None,None,None stated,Not applicable; the prescribing p…,Removing prior authorizations and cutting patient medication cost for…,Physician Sign Up / Physician Search / Pati…,'No more prior authorizations' and 'Transparent Affordable Pricing' as the co…,"Physician prescribes, compounding pharmacy fills, p…",No consumer subscription,UNVERIFIED,"NOT A DTC COMPETITOR, BUT A USEFUL PRICE-TRANSPARENCY WEAPON. Their published retail-versus-compounded comparison, a sp…","https://www.skinmedicinals.com/ + Meta Ad Library, verified 2026-08-14"
Pandia Health,Birth control and menopause teleh…,pandiahealth.com,AdLib q=Pandia%20Health,0,Meta Ad Library returned 'No ads match your search criteria' for this…,Informational site with an external app sig…,"Birth control pills, patches and rings; emergency contraception; menopause an…",No hirsutism or facial hair product,Generic,Not published. Medications 'covered by most insurance'; telehealth consultation fees described…,UNVERIFIED,None,None observed,"None stated. The site substitutes a retention statistic,  '94% of patient…",Not disclosed; described only as…,Doctor-founded birth control delivery with refill reminders,Get Started,"4.9 stars across 1,931 Google reviews, the strongest verified third-party rev…",Site to app signup to Rx delivery,Refill-based rather than a formal subscription tier," 40,000+ patients. Funding UNVERIFIED","ZERO PAID SPEND WITH THE BEST REVIEW ASSET. 4.9 from 1,931 Google reviews is stronger third-party proof than anything M…","https://www.pandiahealth.com/ + Meta Ad Library, verified 2026-08-14"
Sesame Care,"Broad marketplace: urgent care, R…",https://sesamecare.com,AdLib q=sesame%20care,251,Retrieved via Apify actor apify/facebook-ads-scraper (onlyTotal mode)…,Service-tile marketplace grid rather than a…,"Doctor visits sold as the product. For ED: generic sildenafil, tadalafil, ava…","No proprietary formulation - Sesame is a visit marketplace, not a pro…","Generic, dispensed throug…","Visits from $34; urgent care, Rx refill and ED visits 'From $38/visit'; pediatric 'From $50/vis…","$34-$38 per one-off visit with no subscription, or…",GLP-1 promo: '$199 per month for the first two consecutive…,No order bumps - the model is a la carte. A pharmacy savings card ('up to 80%')…,No satisfaction guarantee. Conditional refund only: 'If you cancel before…,THE CONSULT IS THE PRODUCT - $34-…,"Price transparency and cash-pay affordability: book upfront, see the…","'Get started', 'Learn more', 'Start', 'Visi…"," '1M+ patients agree', '10K+ board-certified providers', '$50M+ saved by pati…",Consult (per-visit fee) or subscription -> e-prescr…,Pay-per-visit for acute needs; 'Success by Sesame' subscrip…,Private. Total funding ~$84.8M across 4 rounds per Tracxn; Seri…,"A different business model, not a direct competitor, but it sets the price ceiling a compounded brand has to argue agai…",https://sesamecare.com/ ; https://sesamecare.com/service/online-ed-consul…
PlushCare,"Broad primary/urgent care, mental…",https://plushcare.com,AdLib q=plushcare,18,Retrieved via Apify actor apify/facebook-ads-scraper (onlyTotal mode)…,Marketing/marketplace homepage with mega-na…,Doctor visits across many conditions. Weight loss is the most merchandised ca…,No proprietary formulation - a physician-visit marketplace.,Generic and brand-name vi…,Membership $19.99/month ('Less than $1 a day'). Visit cost: insurance copay for insured patient…,$19.99/mo membership plus per-visit cost. Effective…,No time-limited intro promo found. The $19.99/mo membership…,No order bumps - membership is the upsell.,"Explicit and unusually clear: 'If we're unable to treat you, we'll provid…",Membership $19.99/mo plus a separ…,"Legitimacy and insurance acceptance - real doctors, real insurance, l…","'Book appointment' (nav), 'Book an appointm…",'4.9 star rating (130k+) from the App Store'; '1M+ Members treated'; 'Insuran…,Membership + per-visit consult -> e-prescription ->…,Single membership tier at $19.99/month; no annual option fo…,"Funding reported at ~$31-33.6M across 3 rounds, latest $23M in…","Not a competitor for a compounded-Rx launch, but it owns the one asset none of the DR brands have: a guarantee placed d…",https://plushcare.com/ ; https://plushcare.com/sexual-health ; https://pl…
Ro (Roman / Ro women's),Broad telehealth,ro.co,AdLib q=ro.co,UNVERIFIED,Ad count not reliably verifiable in this pass. The brand token 'Ro' i…,Category site with per-condition intake flo…,"Weight loss (Wegovy pill and pen, Zepbound, Ozempic, Foundayo, Saxenda), sexu…",No hirsutism or unwanted facial hair offering anywhere in the catalog,Brand and compounded,Not published on the homepage. References 'lowest prices' and notes generic sildenafil is up to…,UNVERIFIED,None,None observed,None stated,Not published,The trusted large-scale telehealth platform with the lowest prices,Get started / Start losing weight / Start n…," '3,000,000+ members and counting' and '95% love their experience' as the dom…",Category to intake to Rx,Subscription," 3,000,000+ members (company's own marketing claim)",THE THIRD ABSENT GIANT. Ro sells women's hair loss and custom skin prescriptions to 3M+ members and still sells nothing…,https://ro.co/ + verified 2026-08-14
AFFILIATE NETWORKS (negative finding),ClickBank / Digistore24 / BuyGoods,clickbank.com,n/a,0 identified,"No PCOS, hirsutism or facial-hair offer surfaced in ClickBank's publi…",n/a,No matching offer identified,n/a,n/a,n/a,n/a,n/a,n/a,n/a,n/a,n/a - no offer found,n/a,n/a,n/a,n/a,n/a,"NEGATIVE FINDING, HONESTLY BOUNDED: no hirsutism or PCOS-facial-hair offer appears in ClickBank's public listings, and…",https://www.clickbank.com/blog/clickbank-top-offers/ + https://www.clickb…
Strut Health,Compounded telehealth (multi-cate…,struthealth.com,AdLib q=Strut%20Health,0,Meta Ad Library returned 'No ads match your search criteria' on the e…,Category grid with an online visit intake,"Seven categories: Sexual Health, Testosterone, Weight Loss, Hair Loss, Skin…",No eflornithine or hirsutism product exists in the catalog,Compounded; the site desc…,Not published on the homepage,UNVERIFIED,None,Free shipping,"None stated on the homepage, though a refund policy link exists",Not disclosed; the online visit i…,Pharmacy-compounded formulas reviewed by licensed US physicians,Get Started / Start your online visit,'Complete Your Online Visit' framed as a 5-minute task to reduce perceived ef…,Online visit to Rx to compounded fill,Subscription; cadence not published,UNVERIFIED,A COMPOUNDING GENERALIST THAT SKIPPED THE CATEGORY. Strut already runs multi-category compounded telehealth with the ex…,"https://www.struthealth.com/ + Meta Ad Library, verified 2026-08-14"
Michael Todd Beauty (Sonicsmooth),Dermaplaning device,michaeltoddbeauty.com,AdLib q=facial%20hair%20women,12 (rendered subset),"12 of 90 rendered cards on ""facial hair women"" (~3,900 total, broad/n…",DTC product page,Sonicsmooth at-home sonic dermaplaning system,Sonic dermaplaning blade device,n/a - device,$72.60 (compare-at $121.00),$6.05/mo (device annualized over 12 mo); refill cos…,40% off compare-at price,None published,30 days money-back guarantee + 3 Year Warranty,n/a,"""Remove unwanted facial hair while providing an expert exfoliating tr…","""Add to cart"" (ad CTA: ""Easy At-Home Dermap…","4.5/5 from 8,651 reviews; 3-year warranty; compare-at anchor; dual-benefit fr…",Ad -> product page -> cart,None on device (refill program not shown),Established DTC beauty device brand,"ACTIVELY BUYING OUR KEYWORDS AT THE CHEAPEST EFFECTIVE PRICE IN THE FIELD (~$6/mo). 8,651 reviews is the largest verifi…",https://michaeltoddbeauty.com/products/sonicsmooth + Meta Ad Library 2026…
DERMAFLASH,Dermaplaning device + consumable…,dermaflash.com,AdLib q=peach%20fuzz,~120 (measured 2026-08-14),"Not isolated in the rendered subset of the ""peach fuzz"" sweep (~2,700…",DTC product page,DERMAFLASH LUXE+ device; LUXE+ Replenishment Kit (MicroFine Edges + PREFLASH…,Sonic dermaplaning device with consumable blade edges,n/a - device,Device $199.00; Replenishment Kit $29.00 per 4-week supply; Subscribe + Save 10% and free shipp…,$48.00/mo total in year one ($16.58 device annualiz…,60-Day Risk-Free Trial,"Subscribe + Save 10% on refills, free shipping",60-Day Money-Back Guarantee (full refund minus shipping/handling),n/a,"Sonic dermaplaning plus peach fuzz removal; explicitly reassures ""You…","""Add to cart - $199""","4.8/5 from 964 reviews;  100% saw instant texture improvement, 97% less visib…",DTC -> device purchase -> consumable subscription,"Refill subscription, 4-week interval, 10% off",Established prestige beauty device brand,"THE BEST BUSINESS MODEL IN THE WHOLE SET AND THE CLEAREST PROOF OF OUR THESIS: $48/mo effective, and she re-subscribes…",https://dermaflash.com/products/dermaflash-luxe-plus 2026-08-14
HeroMD 4-MAX (affiliate/PR funnel — NOT…,ED (sexual health),heromd.us (no live 4-MAX page; ht…,AdLib q=heromd,~850 (measured 2026-08-14),Same keyword query as the HeroMD row; no way to separate 4-MAX-specif…,Paid press-release / advertorial network (A…,"4-MAX, described as a four-ingredient sublingual liquid",Vardenafil 7.5mg + Sildenafil 40mg + Tadalafil 4mg + Apomorphine 2mg…,Compounded (per press rel…,"""$3 per dose on a subscription"" — described in the release itself as ""published promotional pri…",UNVERIFIED — no monthly price published; depends on…,"UNVERIFIED — the partner-reported 5/10/20-pack ladder and ""…",UNVERIFIED — no order bump documented in any source I could retrieve. The partn…,"No refund: ""once approved and shipped, it cannot be returned or refunded""…",UNVERIFIED,"""Skip the wait"" — apomorphine positioned as the neurological/desire c…",UNVERIFIED — no first-party 4-MAX page exis…,"Press-release trust framing only (LegitScript, compounding-pharmacy language…",Advertorial/PR -> affiliate link -> presumably the…,"Auto-renew monthly or every two months, cancel before next…","Same entity as HeroMD (Cured Med, LLC) if genuinely HeroMD's pr…",READ THIS BEFORE RELYING ON 4-MAX. Every 4-MAX source I could find is paid press-release distribution carrying an expli…,https://heromd.us/4-max (404) ; https://www.barchart.com/story/news/26140…
HeroMD,ED (sexual health) + hair loss,https://heromd.us,AdLib q=heromd,~850 (measured 2026-08-14),"Meta Ad Library active-ad total for keyword ""heromd"" (US, all ad type…",Framer-built brand site with per-product lo…,"3 live ED products: SURGE (2-in-1 on-demand ODT), PRIME (4-in-1 daily chewing…",SURGE: Sildenafil 80mg + Pycnogenol 50mg (orally disintegrating table…,Compounded — site states…,"Only price published outside the gated funnel: ""Start Today for $2.2/dose"" (PRIME). Pack-size l…",UNVERIFIED as listed. Derived only: at the site's s…,"""TODAY ONLY: GET 1 MONTH FREE*"" sitewide banner (asterisk t…",UNVERIFIED — order bumps/double-up upsells occur post-intake at checkout and we…,"CONFLICT worth flagging: marketing says ""60 Night Risk Free Trial"" and FA…",Not charged as a separate line it…,"Performance/identity: ""Fast. Hard. Reliable. Every single time."" Posi…","""GET STARTED"" (nav, caps), ""Get Started"", ""…","Trustpilot widget ""Rated 4.5 / 5 based on 931 reviews""; homepage ""4.8/5"" and…",Quiz -> Rx -> ship (2-minute questionnaire on try.h…,Auto-renewing subscription billed monthly OR every two mont…,"Operator entity is Cured Med, LLC, 4401 Ludwig Ln, Stafford, Te…","Closest structural analogue to a new compounded-Rx brand: multi-ingredient compounded formulations, gum/ODT novelty for…",https://heromd.us/ ; https://heromd.us/ed ; https://heromd.us/prime ; htt…
BlueChew,ED (sexual health) — single verti…,https://bluechew.com,AdLib q=bluechew,"~3,000 (measured 2026-08-14)","Meta Ad Library active-ad total for keyword ""bluechew"" (US, all ad ty…",Conversion-focused brand homepage with prod…,"8 chewable/sublingual formulations: SIL (sildenafil), TAD (tadalafil), VAR (v…","GOLD (the 4-in-1 hero, ""#1 Best Seller""): Tadalafil + Sildenafil + Ap…",Compounded — GOLD page st…,"From BlueChew's own cost page: most plans ""~$25/month for 6 doses"" up to ""~$135/month for 34 do…",~$25/mo entry (6 doses) to ~$135/mo (34 doses) on s…,NO free trial is documented anywhere on BlueChew's current…,No order bumps exposed pre-account. The upsell architecture is the tier ladder…,"No guarantee, and explicitly no refunds. Verbatim: ""Unfortunately, BlueCh…","$0 —  ""our assessments are entire…","Format-as-differentiator: chewable instead of a pill, citing an NIH s…","""GET STARTED"", ""TRY GOLD"", ""GET BLUECHEW""…","""#1 Best Seller"" badge on GOLD; comparative potency claims (3x/5x/8x); LegitS…",Quiz -> Rx -> ship (medical intake -> licensed prov…,"Auto-renewing subscription. ToS: ""Your payment account will…","Private, no audited figures. CEO Steve Sullivan, quoted 2025-09…",The single most copyable structure in this segment. BlueChew proves you can run a one-vertical brand on format novelty…,https://bluechew.com/ ; https://bluechew.com/our-stories/bluechew-cost-wh…
Friday Plans,ED only (sexual health),https://fridayplans.com,AdLib q=friday%20plans,"~5,500 (measured 2026-08-14)",Retrieved via Apify actor apify/facebook-ads-scraper (onlyTotal mode)…,"Long-form direct-response homepage (hero, t…",Generic Viagra (sildenafil) and generic Cialis (tadalafil).,Tadalafil as-needed 2.5/5/10/20mg and daily 2.5/5mg; sildenafil 'any…,Generic and FDA-approved…,Full pack ladder is gated behind the medical intake. Public claims conflict: 'never charge more…,UNVERIFIED. Implied $0.87-$2.00 per tablet dependin…,'9 ED pills for only $7' entry offer. Whether that $0.87/pi…,None reachable without entering the gated intake - UNVERIFIED. Auto-refill is t…,'TRY RISK-FREE WITH OUR 60-NIGHT 100% MONEY BACK GUARANTEE.' Supporting c…,Not itemized; consult bundled. UN…,Risk-free trial of a cheap generic - the offer IS the guarantee. Heav…,Hero CTA is an icon-only button linking to…,"'As Advertised On' press strip (USA Today, Forbes, MSNBC, FOX, CBS, CNN); 20+…",Long-form advertorial-style homepage -> gated intak…,Auto-refill subscription by default with an online pause. C…,UNVERIFIED. Caution: searches for 'Friday Plans' funding surfac…,"The guarantee is the entire offer here, and it is the most aggressive risk reversal of any Rx brand in this set: 60 nig…",https://fridayplans.com ; https://fridayplans.com/viagra ; Meta Ad Librar…
Pilot (Australia),"ED, premature ejaculation, hair l…",https://pilot.com.au,AdLib q=pilot.com.au,31,Retrieved via Apify actor apify/facebook-ads-scraper (onlyTotal mode)…,Long-form condition landing pages with heav…,"ED and PE plans, hair loss, acne, Weight/Metabolic Reset, mental health, slee…","NOT DISCLOSED for prescription lines, and Pilot says why: 'Advertisin…",UNVERIFIED for prescripti…,ALL PRICES AUD. ED: 'Weekend Plan' minimum $134/2 months (~$67/mo) and 'Classic Plan' minimum $…,"AUD. ED roughly $29-$67/mo depending on tier, plus…",'START50 - $50 off your first order' on weight loss. Struck…,"The entire OTC 'Shop level ups' range functions as the bump layer, sold at visi…","30-day money-back guarantee on all weight-loss treatment plans, described…","YES - $20 AUD consult fee, explic…","Evidence-led and destigmatised, with real patient outcomes and cited…","'Get started', 'Get started today', 'Check…",Interactive weight-loss slider computing expected loss from current weight; W…,Quiz -> paid $20 phone consult with an Australian p…,"Subscription with monthly deliveries, 'no lock-ins', free s…",MATERIAL: Pilot is owned by Eucalyptus (which also owns Juniper…,The most strategically important non-US row. Pilot looks like a distant foreign operator but is now owned by Hims & Her…,https://pilot.com.au/ ; https://pilot.com.au/erectile-dysfunction ; https…
Rugiet,"ED, premature ejaculation, hair r…",https://www.rugiet.com,AdLib q=rugiet,729,Retrieved via Apify actor apify/facebook-ads-scraper (onlyTotal mode)…,Single-hero PDP feeding a fully gated quiz…,"Ready (hero ED), Go Long (PE), Grower (hair), testosterone, Recharge (sleep)…","Ready: compounded sublingual 3-in-1 combining Sildenafil, Tadalafil a…","Compounded, explicitly: '…",NOT PUBLISHED. Confirmed by direct text search of the full product page - no dollar figures app…,UNVERIFIED - no price is published pre-quiz.,"Sitewide sticky banner: 'Buy 2 months of Ready, get 1 free'…",The buy-2-get-1-free offer is the only public promo. Checkout bumps UNVERIFIED…,UNVERIFIED. FAQ promises 'no hidden fees' but no satisfaction or money-ba…,Bundled into the undisclosed prod…,Potency and speed via a proprietary triple-active formulation plus a…,"'Get Started', 'Start Ready', 'Buy 2 months…","Star rating with count under the product name: 'Reviews (1,208) 4.3';  '85% o…","Quiz -> Rx -> ship, with pricing revealed only insi…","UNVERIFIED - billing cadence, cancellation and rebill terms…",Private. Third-party aggregators (Tracxn/Growjo) suggest ~68 em…,"The closest direct analogue to a compounded multi-active ED brand, and the clearest proof that a proprietary delivery-s…",https://www.rugiet.com/ ; https://www.rugiet.com/erectile-dysfunction/rea…
Ro (Roman),"ED, premature ejaculation, weight…",https://ro.co,AdLib q=ro.co,8701,Retrieved via Apify actor apify/facebook-ads-scraper (onlyTotal mode)…,Standard ecommerce/PDP plus an unusually tr…,"Ro Sparks, Daily Rise Gummies, generic and branded Viagra/Cialis, Roman Swipe…",Ro Sparks: Sildenafil 55mg + Tadalafil 22mg. Daily Rise Gummies: Tada…,"Primarily generic, with b…","Ro Sparks $48/mo (4 doses), $72/mo (6), $96/mo (8), $120/mo (10); quarterly plans $15 off every…",ED ranges from $8/mo (daily generic Cialis) to $120…,Homepage banner at capture: 'Get $20 off your next ED order…,No checkout bumps captured (checkout not entered). The real discount mechanism…,UNVERIFIED - not located.,Not itemized separately; bundled…,"Transparency and legitimacy - published prices, generic-vs-brand side…","'Get started', 'Start losing weight', 'Star…","LegitScript badge;  '95% love their experience';  '3,000,000+ members'; celeb…",Browse -> quiz/eligibility -> Rx -> ship. Pricing p…,"Monthly with quarterly, 6-month and 12-month prepay tiers…",Private. Secondary aggregators report ~$1.06B total funding; a…,Ro is the counter-example to the gated-funnel orthodoxy: it publishes a full price list and still scales. Worth copying…,https://ro.co/ ; https://ro.co/pricing ; Meta Ad Library URL in column D…
Rex MD,"ED/sexual health (hub), plus hair…",https://www.rexmd.com,AdLib q=rex%20md,~48 (measured 2026-08-14),Retrieved via Apify actor apify/facebook-ads-scraper (onlyTotal mode)…,Advertorial-style paid-media landing page o…,"Generic and branded Viagra, generic and branded Cialis, Cialis Daily, generic…",Ignite Rx: Sildenafil 40mg + Tadalafil 8.5mg (state-gated variant Sil…,Mix of generic and brand-…,Per-unit anchors on the live funnel: Cialis Daily 'As low as $1.80 per tablet'; generic Cialis…,$1.80-$7.00 per dose for generics and combos; $90/t…,"ED consult advertised free ('Free Online Consultation', '10…",THE MOST AGGRESSIVE BUMP STACK IN THIS SET - five sequential offers before medi…,"UNVERIFIED on the crawled pages, though a 'Satisfaction Guaranteed' trust…",ED consult is free. A separate pa…,"Speed and free-consult framing on ED, then monetize via cross-categor…",'Start your free visit' (with sub-label '-…,"Star block '4.84 Based on 376 ratings' with full distribution, but the main s…",Advertorial/affiliate landing -> sequential order b…,"'Monthly refills, or you can reorder your medication as nee…",Private. Third-party estimator Grips Intelligence reports rexmd…,Study this funnel for bump architecture and nothing else. Five stacked bumps ahead of the core purchase is the highest-…,https://www.rexmd.com/viagra ; https://ed.rexmd.com/sample-pack-1/ ; http…
EverLife MD,"ED/sexual health (Titan-Rx), wome…",https://everlifemd.com,AdLib q=everlifemd,"50,000 (measured 2026-08-14)",Retrieved via Apify actor apify/facebook-ads-scraper (onlyTotal mode)…,Long-form single-product advertorial. The U…,"Titan-Rx (men's ED), Lovara (women's intimacy), Enclomiphene, Sermorelin GHK…","Titan-Rx, 'THE 3-IN-1 PERFORMANCE STACK': Tadalafil 6mg + Vardenafil…",Prescription combination…,Titan-Rx 'As low as $49.99/Month - Get 49% OFF NOW!'. Lovara 'As Low as $55'. Enclomiphene 'As…,"$49.99/mo for Titan-Rx (30 daily capsules), roughly…",'Get 49% OFF NOW' with no stated baseline. Whether $49.99 r…,None found on the product page - UNVERIFIED beyond the gated intake.,No money-back guarantee. Only a quality claim: 'Our purity guarantee ensu…,Bundled: 'Treatment Plan includes…,Daily-dosing convenience plus a stack framing - positioned against bo…,"'Get Started Now', 'get started now!', 'GET…"," 'Over 100,000+ Happy Customers' (consistent across the page); '4.8 Trustpilo…",Advertorial -> free health quiz -> doctor review ->…,Monthly subscription implied by the 30-capsule bottle and $…,"UNVERIFIED. No independent revenue, funding or customer data fo…","Badly underrated on a first pass and worth a hard look. At 1,623 active ads EverLife is the third-heaviest Meta adverti…",https://everlifemd.com ; https://everlifemd.com/titan-rx/h2 ; https://eve…
Hims,"ED/sexual health, hair loss, weig…",https://www.hims.com,AdLib q=hims,"~1,400 (measured 2026-08-14)",Retrieved via Apify actor apify/facebook-ads-scraper (onlyTotal mode)…,Standard ecommerce category/PDP pages feedi…,"ED: 3-in-1 Pill, 3-in-1 Hard Mints, Sildenafil Chews, Tadalafil Chews, generi…",Mixed portfolio rather than one hero. ED combo products are compounde…,"Both, and disclosed per c…","ED: generic Viagra from $22/mo, generic Cialis from $24/mo, 3-in-1 Hard Mints and Sildenafil/Ta…",ED $22-$39/mo. Hair $19-$60/mo. Weight loss $149/mo…,Weight Loss Membership is $39 for the first month then auto…,No checkout order bumps observed on public category pages (checkout not entered…,UNVERIFIED - no guarantee language located on the pages crawled.,No separate consult fee for ED or…,"Category leader positioning - breadth of conditions, brand-name GLP-1…","'Get started', 'See if Hims is right for me…",LegitScript seal; FDA badge icons on product thumbnails; '32 lbs*' weight-los…,Quiz -> Rx (async licensed-provider review) -> ship…,Monthly. Weight-loss membership auto-renews $39 -> $149/mo…,"Public company, NYSE: HIMS (Hims and Hers report as one parent)…","The scale benchmark, but not the model to copy for a compounded-Rx launch. Hims monetizes breadth and a membership gate…",https://www.hims.com/ ; https://www.hims.com/erectile-dysfunction ; https…
Health Insider,Female facial hair (content arbit…,healthinsider.news,AdLib q=hirsutism,21 (rendered subset),"LARGEST SINGLE ADVERTISER on ""hirsutism"": 21 of 58 rendered cards (~6…",Editorial advertorial / quiz-to-app funnel,Health content; monetization model UNVERIFIED (403 on About page),"n/a - publisher, not a product",n/a,No product price published,n/a - publisher,UNVERIFIED,UNVERIFIED,UNVERIFIED,n/a,Editorial/health-news framing wrapped around symptom content,UNVERIFIED (site blocks automated fetch),Advertorial editorial styling; app-install cards observed in adjacent sweeps…,Content arbitrage -> affiliate or app install (UNVE…,UNVERIFIED,Programmatic content publisher,"DEMAND PROOF, NOT A PRODUCT RIVAL. A pure arbitrage publisher is spending more on 'hirsutism' than any actual seller. T…",Meta Ad Library https://www.facebook.com/ads/library/?active_status=activ…
1800RxOnline.com (India import),Female facial hair (gray-market i…,1800rxonline.com,AdLib q=eflornithine,0,No US paid media. PharmacyChecker index only.,Pharmacy listing,"Vaniqa / eflornithine 13.9% cream, 1 tube",Eflornithine 13.9%,Brand/generic import,"$47.74 per tube, free standard shipping from India",$47.74 (1 tube/month assumption),None,Free standard shipping,None,Not disclosed,Cheap import of the reference strength,n/a,Price-comparison table only,Cross-border mail order,None,International mail-order pharmacy,Second gray-market data point. PharmacyChecker lists ZERO US pharmacy prices for eflornithine 13.9% - the US retail cha…,https://www.pharmacychecker.com/eflornithine/ 2026-08-14
GoldStarMeds.com (India import),Female facial hair (gray-market i…,goldstarmeds.com,AdLib q=eflornithine,0,No US paid media. Discovered via PharmacyChecker price index.,Pharmacy listing,"Vaniqa / eflornithine 13.9% cream, 1 tube",Eflornithine 13.9%,Brand/generic import,"$42.97 per tube, free standard shipping from India",$42.97 (assumes 1 tube per month at BID dosing),None,Free standard shipping; import duty may apply at checkout,None,Not disclosed,Lowest global price on the FDA reference strength,n/a (price-comparison listing),Price-comparison table only,Cross-border mail order,None,International mail-order pharmacy,"THE TRUE PRICE FLOOR ON 13.9%. $42.97 undercuts every US telehealth seller. Risk offsets: 2-4 week transit, import seiz…",https://www.pharmacychecker.com/eflornithine/ 2026-08-14
Non-Rx advertisers on the hirsutism key…,Female facial hair (grey-market /…,Various,AdLib q=hirsutism,~62 (measured 2026-08-14),Meta Ad Library exact-phrase query on the clinical keyword 'hirsutism…,Long-form first-person advertorials,"Devices, waxes, supplements, and laser and electrolysis services sold against…",Non-prescription,Non-prescription,Wide range,Varies,Various,Various,Various,Not applicable,Emotional PCOS-identity and hormonal-shame angles rather than clinica…,Various,Long-form first-person advertorial storytelling; open-loop hooks that defer t…,Advertorial to cart,Various,Not applicable,DEMAND PROOF AND THE COPY SCHOOL TO STUDY. Roughly 62 active ads on the clinical term 'hirsutism' are being run by non-…,https://www.facebook.com/ads/library/?active_status=active&ad_type=all&co…
Aurlux,Female facial hair (grey-market t…,aurlux.co,AdLib q=hirsutism,10 (rendered subset),"10 of 58 rendered cards on ""hirsutism"" (~62 total active US). Also 9…",Long-form advertorial/listicle -> product p…,Hair Removal Trilogy Kit; Hair Inhibiting Oil $13.99; Face Exfoliator; Ingrow…,Botanical hair-inhibiting oil (no active drug),Non-Rx cosmetic,"""Buy 1 Get 1 Free"" 2-pack $31.99 (reg $78.99); ""Buy 2 Get 2 Free"" 4-pack $55.99 (reg $138.99)…",~$14/mo (4-pack $55.99 assuming 1 pack per month -…,Up to 75% off framed as the entry offer,Extra 5% off code AURLUXDAYSALE; free Face Exfoliator; free Ingrown Hair Repair…,"60-Day Money Back Guarantee, ""completely Risk-Free experience""",None (no Rx),"""5 Reasons Women Are Ditching Traditional Hair Removal Methods"" - spe…","""GET SMOOTH SKIN NOW"" / ""I WANT EASY SMOOTH…"," 4.85/5 from 20,000+ reviews;  240,000+ happy customers; ""96% Sold"" low-stock…",Advertorial -> bundle-ladder cart,None (one-time bundles only)," 240,000+ customers (unverifiable)","THE PACESETTER FOR GREY CREATIVE. Buys 3 of our keywords simultaneously. No active drug, no doctor, no Rx - yet outspen…",https://aurlux.co/pages/instantly-remove-hair + https://aurlux.co/product…
CyperGlow,Female facial hair (grey-market t…,cyperglow.com,AdLib q=hirsutism,8 (rendered subset),"8 of 58 rendered cards on ""hirsutism"" (~62 total active US), plus ded…",Product landing page,Cyperus Rotundus Skin Serum (V3 formula),Cyperus rotundus botanical extract (no active drug),Non-Rx cosmetic,$39.99 one-time,$39.99 (assumes 1 bottle/month - supply length not…,None; price is the entry offer,Free shipping included; Klarna available; no order bumps observed,365-Day Money-Back Guarantee,None (no Rx),"""The Ancient Egyptian Secret"" -  makes unwanted hair progressively th…","""SHOP OUR BEST SELLER"" / ""ADD TO CART - $39…"," 4.8/5 from 4,700+ reviews;  175,000+ customers; 6-month transformation timel…",Ad -> product page -> cart,Subscription referenced in nav but not priced," 175,000+ customers (unverifiable)",365-DAY GUARANTEE IS THE LONGEST IN THE ENTIRE FIELD - longer than any Rx seller offers. They buy trust with refund len…,https://cyperglow.com/products/cyperus-rotundus-skin-serum 2026-08-14
Eyeamuko,Female facial hair (grey-market t…,eyeamuko.com (DNS did not resolve…,AdLib q=hirsutism,8 (rendered subset),"8 of 58 rendered cards on ""hirsutism"" (~62 total active US). Ad cards…",UNVERIFIED (domain unreachable),UNVERIFIED,UNVERIFIED,Non-Rx (inferred from ad…,UNVERIFIED,UNVERIFIED,UNVERIFIED,UNVERIFIED,UNVERIFIED,None,UNVERIFIED,"""Learn more""",UNVERIFIED,Ad -> CyperGlow-linked destination,UNVERIFIED,UNVERIFIED,LIKELY A SECOND CREATIVE FRONT FOR CYPERGLOW - its ad cards carry CYPERGLOW.COM as the destination domain. One operator…,Meta Ad Library https://www.facebook.com/ads/library/?active_status=activ…
Kare Pharmacy (kare-rx),Female facial hair (Rx compounded),kare-rx.com,AdLib q=eflornithine,0,Not present in any keyword sweep. No paid media.,Login-gated catalog page,"Compounded eflornithine cream 7% and 14% (14% labeled ""Most prescribed"")",Eflornithine 7% / 14%,Compounded,Pricing hidden behind sign-in,UNVERIFIED - sign-in required,None,None,None stated,Not disclosed,Prescriber-facing compounding catalog; custom strength availability,"""View Pricing & Options"" / ""Request a custo…",Login wall; no consumer CRO elements at all,Prescriber account -> fill,None,Compounding pharmacy,PROOF THAT 14% IS ROUTINELY COMPOUNDED AND CALLED 'MOST PRESCRIBED'. Useful third-party support for going above Musely'…,https://www.kare-rx.com/products/eflornithine-cream 2026-08-14
Restorative Compounding Pharmacy,Female facial hair (Rx compounded),restorativecompounding.com,AdLib q=eflornithine,0,"Not present in Meta Ad Library keyword sweeps (hirsutism ~62, eflorni…",Product page (prescriber-gated),"Compounded eflornithine cream, custom strengths","Eflornithine, custom %",Compounded,Price not displayed on product page (shows $0.00 placeholder),UNVERIFIED - no public price,None,None,None stated,Not disclosed,Clinical efficacy for facial hair reduction via enzyme inhibition; po…,"""Request More Information"" (patients) / ""Re…","Dual patient/prescriber paths; clinical framing; no reviews, no urgency, no g…","Prescriber-referral -> pharmacy fill (B2B2C, not DT…",None,Single-location compounding pharmacy,NOT A DTC COMPETITOR. Cannot buy without an outside prescriber. Confirms supply exists but nobody is merchandising it…,https://www.restorativecompounding.com/products/p/compounded-eflornithine…
Centro de Estetica by Keity,Female facial hair (Spanish local…,instagram.com (IG-only advertiser),AdLib q=hirsutismo,present in ~6 total,"One of only ~6 total active US ads on the Spanish clinical term ""hirs…",Instagram profile (no website funnel),In-clinic permanent hair removal protocol,n/a - service,n/a - service,No price published,"UNVERIFIED - local service, quote by DM",None,None,None,n/a,"Spanish destigmatization hook: ""Puede parecer raro ver a una mujer co…","""Visit Instagram profile"" / DM-based (""escr…","Viral-case hook (""Este caso se ha vuelto viral""); 1-minute video; DM-to-book…",IG ad -> DM -> in-clinic booking,None,Single aesthetics clinic,THE ONLY SUSTAINED ADVERTISER ON 'HIRSUTISMO' AND IT IS A SINGLE LOCAL SALON WITH NO WEBSITE. The best Spanish emotiona…,Meta Ad Library https://www.facebook.com/ads/library/?active_status=activ…
Soline Beauty,Female facial hair (Spanish-langu…,solinebeauty.com,AdLib q=vello%20en%20la%20cara,6 (rendered subset),"6 of 96 rendered cards on ""vello en la cara"" (~100 total active US)…",Spanish-language DTC storefront,Aceite de Cyperus Rotundus $39.99; Exfoliante Preparador de Foliculos $19.95…,Cyperus rotundus botanical oil,Non-Rx cosmetic,$39.99 hero oil; full catalog $19.95-$39.95,"$39.99 (hero oil, 1 bottle/month assumption)",None observed,No bundles or compare-at pricing shown,None stated on catalog page,None (no Rx),Spanish-first hair-reduction routine with adjacent ingrown-hair and b…,"""Add"" / ""Continue shopping"" (bilingual inte…",Bilingual ES/EN interface; product names trademarked in Spanish; no reviews o…,Spanish ad -> bilingual DTC storefront,None observed,Small Shopify DTC,"SECOND SPANISH OPERATOR, SAME MOLECULE-FREE PLAYBOOK AS CYPERGLOW (cyperus rotundus at ~$40). Product names are localiz…",https://solinebeauty.com/ + Meta Ad Library 2026-08-14
Velare Beauty,Female facial hair (Spanish-langu…,velare-beauty.com,AdLib q=vello%20en%20la%20cara,18 (rendered subset),LARGEST SPANISH-LANGUAGE ADVERTISER FOUND: 18 of 96 rendered cards on…,DTC product page (storefront supports 24+ r…,Topical hair-growth-reduction product (Velare); Priority Processing bump $3.49,"Botanical topical, no active drug",Non-Rx cosmetic,Product tier pricing not retrievable (product URLs 404 / listing truncated); Priority Processin…,UNVERIFIED - exact tiers not retrieved,LIMITED-TIME AUGUST SALE,Priority Processing order bump $3.49 at cart,60-Day Money-Back Guarantee,None (no Rx),"Spanish anti-laser/anti-wax: ""Cansado/a de afeitarte, depilarte con c…","""Shop now"" on English store; ad-level CTA i…",Order bump at cart; 60-day guarantee banner; FDA disclaimer present; multi-cu…,Spanish creative -> English DTC storefront,"Manage Subscription link present, not priced",Multi-region Shopify DTC,THIS ROW REFUTES THE 'NO SPANISH COMPETITOR' THESIS. Velare runs native Spanish video creative at real volume. BUT note…,https://velare-beauty.com/ + Meta Ad Library https://www.facebook.com/ads…
Lepilon Beauty,Female facial hair (Spanish-langu…,lepilon.com,AdLib q=vello%20facial%20mujer,4 (rendered subset),"Present on ""vello facial mujer"" (~4 total active US) and 4 of 96 rend…",DTC storefront (EUR pricing),Cyperus Rotundus Hair Growth EUR39.95; PDRN Collagen Volume Balm EUR26.95; Cr…,Cyperus rotundus botanical,Non-Rx cosmetic,EUR39.95 hero SKU (~$43 USD at parity-ish; FX not locked),"~$43 (1 unit/month assumption, FX UNVERIFIED)","""UP TO 65% OFF"" limited-time banner",No bundle tiers displayed,"No explicit money-back guarantee; disclaimer ""Results may vary from perso…",None (no Rx),"Anti-laser, anti-tweezer convenience framing","""Shop Now"""," 100,000+ Happy Women; Trustpilot badge; 65% off banner; no star rating shown",Ad -> storefront,None observed,Small multi-region DTC,THIRD CYPERUS-ROTUNDUS SELLER TARGETING SPANISH SPEAKERS IN THE US WHILE PRICING IN EUROS. Charging a US Latina in EUR…,https://lepilon.com/ + Meta Ad Library 2026-08-14
Amazon One Medical,General primary care and urgent/o…,https://www.amazon.com/onemedical,AdLib q=one%20medical,529 (exact-phrase); unordered hit…,Retrieved via Apify actor apify/facebook-ads-scraper (onlyTotal mode)…,Amazon retail-integrated membership and pri…,"Access to care, not products: Membership (ongoing primary care) and On-Demand…",N/A - no formulated product. Prescriptions route to Amazon Pharmacy o…,N/A - pure consult access.,Membership $99/year for Prime members; additional family members $66/year each (up to 5). Non-P…,$8.25/mo effective for Prime members ($99/yr); $16…,The Prime price IS the offer: $99/yr against a $199/yr stan…,Family-member add-on at $66/yr (versus $99 for the primary member) functions as…,UNVERIFIED - no guarantee or refund language on the page crawled.,Membership grants 24/7 on-demand…,"Trust, price and convenience through Amazon distribution rather than…","'Sign in', 'Buy additional memberships (up…",Price anchoring ($199 standalone shown against $99 Prime price); direct cross…,Membership-gated primary care plus a non-membership…,Two tiers: $99/yr Prime-linked (+$66/yr per family member)…,"Amazon acquired One Medical for $3.9 billion all-cash, agreed a…","Not a competitor, but it is the reason a compounded brand should never compete on the word 'affordable' alone. Amazon c…",https://www.amazon.com/onemedical ; https://www.cnbc.com/2023/02/22/amazo…
SkinnyRx,GLP-1 weight loss telehealth,skinnyrx.com,AdLib q=SkinnyRx,~88,Meta Ad Library exact-phrase query returned ~88 active US ads on 2026…,Product-grid landing page with an intake fl…,"Compounded tirzepatide tablets, compounded injectable tirzepatide, compounded…","Compounded tirzepatide tablets, a once-daily oral, is the lead SKU, w…",Compounded and brand,Compounded tirzepatide tablets from $299/month,$299/month,None observed,Buy Now Pay Later financing offered; FSA/HSA eligible for reimbursement,None stated,Not itemized; bundled into the me…,Weight care actually figured out; clinician-guided care rather than j…,Get Started,Buy Now Pay Later badge and FSA/HSA eligibility as the primary friction remov…,Product grid to intake to Rx,Monthly subscription,UNVERIFIED,PRICE-CEILING PROOF AND A FINANCING LEVER. $299/month for a compounded telehealth product with active Meta buying behin…,"https://www.skinnyrx.com/ + Meta Ad Library, verified 2026-08-14"
Happy Head,Hair loss (compounded topical),happyhead.com,AdLib q=Happy%20Head,UNVERIFIED,"UNVERIFIED. The keyword 'Happy Head' returned 50,000 results on 2026-…",,Compounded topical finasteride/minoxidil formulations,,Compounded,,,,,,,,,,Quiz -> Rx -> ship,,,Flagged deliberately as a measurement trap: generic-word brand names cannot be sized with Ad Library keyword search. An…,Meta Ad Library 2026-08-14
Mosh (Australia),"Hair loss, ED, premature ejaculat…",https://www.getmosh.com.au,AdLib q=mosh,863 (identical on unordered and e…,Retrieved via Apify actor apify/facebook-ads-scraper (onlyTotal mode)…,Long-form condition landing pages plus a co…,"Hair loss plans, ED and PE plans, mental health therapy and medication, weigh…","NOT DISCLOSED, and Mosh says why, verbatim: 'Why can't we say the nam…",UNVERIFIED for the same r…,"ALL PRICES AUD. Hair loss: Prevention from $24/mo, Prevention & Regrowth from $44/mo, advanced…",AUD. ED about $45/mo derived from $1.50/day; hair l…,'$100 off your 1st month of weight loss with code MOSHINTRO…,Dietitian add-on at $50/session is an explicit attached upsell. Also a Price Ma…,"'30-Day Money Back Guarantee - If your treatment just isn't right, you ha…",Not broken out - the practitioner…,"Destigmatised, plain-spoken Australian men's health - 'Aussie practit…","'Take free quiz', 'Take the quiz', 'Check e…",Named video-style testimonials; before/after photo pairs with named patients…,Quiz -> practitioner consult -> subscription with r…,"Recurring monthly, cancel anytime; weight-loss intro requir…","Total funding AUD $31.1M across 3 rounds from 8 investors, most…",Does not serve the US. The transferable idea is the double guarantee - pairing a simple 30-day money-back promise with…,https://www.getmosh.com.au/ ; https://www.getmosh.com.au/pricing ; https:…
Manual (UK),"Hair loss, ED/sexual health, low…",https://www.manual.co,AdLib q=manual.co,2457,Retrieved via Apify actor apify/facebook-ads-scraper (onlyTotal mode)…,"Long-form condition landing pages, with TRT…","Complete Hair Loss Plan (finasteride + minoxidil), standalone finasteride and…","Sildenafil 50mg and 100mg; tadalafil 5mg, 10mg, 20mg; testosterone cr…",Generic and branded medic…,"ALL PRICES GBP. ED: sildenafil from £1.67/pill, tadalafil from £2.57/pill, branded Viagra from…",GBP. TRT £99-£169/mo plus £33.95-£119.95 of upfront…,'Get 50% off blood test' with code 50OFFSIGNUP on the TRT f…,The testing ladder itself is the upsell: four escalating test tiers from £33.95…,"A genuinely detailed 'Money Back Promise', but only for the Hair Loss Tre…","YES, itemized and separate on TRT…","Clinical credibility and a structured pathway - test first, then trea…","'BROWSE HAIR', 'BROWSE ED' (nav). Primary i…","Trustpilot badge shown inconsistently (TrustScore 4.2 on the homepage, 4.5/5…",Long-form lander -> blood test -> paid specialist c…,Recurring monthly for TRT and hair loss; per-pill framing o…,"Series A $30M (March 2021) from Sonoma Brands, Waldencast, Feli…",DOES NOT SERVE THE US - Manual's own help centre confirms it ships only within the UK. Its guarantee is the most instru…,https://www.manual.co/ ; https://www.manual.co/erectile-dysfunction/sex-h…
Joi Women's Wellness,Hormone optimization / women's we…,UNVERIFIED (joiwomenswellness.com…,AdLib q=Joi%20Women%27s%20Wellness,0,Meta Ad Library exact-phrase query returned an empty results page on…,UNVERIFIED; the domain did not resolve duri…,"Hormone optimization and peptide therapy, comprehensive lab biomarker panels…",No topical hero formulation; the offer is hormone optimization plus l…,Compounded hormone therapy,"$25 initial online healthcare visit, then a $150.00 per quarter subscription including provider…",$50/month equivalent from the $150 quarterly subscr…,$25 initial online healthcare visit,None observed,None stated,$25 one-time initial visit,Take back control of your health through hormone optimization and coa…,UNVERIFIED; site did not resolve,UNVERIFIED; site did not resolve,Low-cost consult to quarterly care subscription to…,"Quarterly subscription at $150, with medication billed sepa…",Launched nationwide February 2023 and available in all 50 state…,COULD NOT VERIFY FIRST-HAND. Pricing here comes from a press release and third-party review sites rather than the live…,https://www.businesswire.com/news/home/20230216005037/en/ + https://www.h…
KEYWORD SWEEP: 'excessive sweating',Hyperhidrosis,n/a,AdLib q=excessive%20sweating,~620 (measured 2026-08-14),~620 active US results on 2026-08-14. 'Twofold - Hyperhidrosis' (4) w…,,,,Mixed,,,,,,,Demand proof,,,,,,Smallest demand pool we measured (~620) and already has a committed Rx incumbent in Twofold. Lower ceiling than rosacea.,Meta Ad Library 2026-08-14
KEYWORD SWEEP: 'hyperhidrosis',Hyperhidrosis,n/a,AdLib q=hyperhidrosis,~420,~420 active US results on 2026-08-14. 'Twofold - Hyperhidrosis' (6) l…,,,,Mixed,,,,,,,Demand proof,,,,,,"Clinical term draws even less volume than the lay term - typical for body-complaint categories, and a reminder to buy l…",Meta Ad Library 2026-08-14
Sofdra (sofpironium topical gel 12.45%),Hyperhidrosis (model-repeats proo…,sofdra.com,AdLib q=Sofdra,~1,"~1 active US result on 2026-08-14, from the page 'Sofdra (sofpironium…",,Sofdra topical gel,Sofpironium bromide 12.45%,FDA-approved branded drug,,,,,,,The approved pharmaceutical reference product,,,Prescription via dermatologist,,,The FDA-approved branded option is running essentially ZERO paid social. That is the recurring pattern across every one…,Meta Ad Library 2026-08-14
Twofold,Hyperhidrosis (model-repeats proo…,itstwofold.com,AdLib q=Twofold,~210 (measured 2026-08-14),~210 active US results on 2026-08-14 across pages 'Twofold Health' (7…,Quiz-first telehealth funnel,Compounded topical treatments for excessive sweating,,Compounded,,,,,,,Prescription-strength alternative to clinical antiperspirants,,,Quiz -> Rx -> ship,,,"PROOF THE MODEL REPEATS. Same shape as Vuret - quiz-first, compounded, drop-shipped - in a completely different body co…",Meta Ad Library 2026-08-14
Carpe,Hyperhidrosis (OTC benchmark),mycarpe.com,AdLib q=Carpe,"~2,900 (measured 2026-08-14)","~2,900 active US results on 2026-08-14; brand page 'Carpe' 16 visible…",DTC product pages + creator collab ads,OTC antiperspirant lotions and wipes,,OTC,,,,,,,"Everyday sweat management, founder-led and creator-led social proof",,,Social/creator ad -> product page -> cart,,,~14x Twofold's ad volume with an OTC product - which sizes the true addressable audience for sweating far above what th…,Meta Ad Library 2026-08-14
Duradry,Hyperhidrosis (OTC benchmark),duradry.com,AdLib q=Duradry,~5,"~5 active US results on 2026-08-14 (page 'Duradry' 2 cards, affiliate…",,3-step OTC antiperspirant system,,OTC,,,,,,,System/regimen framing,,,DTC cart,,,Effectively dormant on paid social right now. Included as a scale contrast: the sweating category is a two-horse paid r…,Meta Ad Library 2026-08-14
Ideal Image,Laser hair removal / medspa chain…,idealimage.com,AdLib q=unwanted%20facial%20hair,UNVERIFIED at keyword level,Not isolated in rendered subsets. Domain did not resolve on direct fe…,Pricing page -> consult,Laser hair removal memberships by number of body areas,Clinical laser,n/a - service,"claims (third-party): $120/mo for 3 areas, $150/mo for 4 areas, $170/mo for 5 areas; $250/year…",$120-$170/mo as reported (UNVERIFIED - no primary s…,Free consultation,Membership tiering;  up to 90% off touch-ups under Lifetime Guarantee, Lifetime Guarantee Program (third-party sourced),Free consult,Membership model bundling multiple treatment areas,Book a free consultation,Membership tiers; annual VIP fee; lifetime guarantee framing,Consult -> membership close,"Monthly membership, $250/year VIP tier",Large national medspa chain,"TREAT THIS ROW AS THE WEAKEST-SOURCED IN THE SHEET. idealimage.com would not resolve for direct verification, so the $1…",https://www.medestheticsmag.com/news/news/21282937/ideal-image-ideal-imag…
LaserAway,Laser hair removal chain (nationa…,laseraway.com,AdLib q=unwanted%20facial%20hair,UNVERIFIED at keyword level,Not isolated in rendered subsets. Primary pricing page returned HTTP…,Service/FAQ page -> consult,"Laser hair removal by area; 3, 8 or 10-treatment packages",Clinical laser,n/a - service,"$99-$649 per session by area; upper lip and chin at the low end; multi-area packages $2,000+, o…",~$100/mo (8 facial sessions at ~$150 spread across…, 65% off first treatment,Package and multi-area bundling discounts,None published,Free consult,Six to eight sessions for up to 80% hair reduction,Book a free consultation,Deep first-treatment discount; package laddering; per-area price ranges,Ad/SEO -> consult -> package close,None (package purchase),Large national medspa chain,"PER-SESSION PRICING MAKES THE ANNUAL COST VISIBLE IN A WAY MILAN'S DOES NOT: ~$1,200 for a face. FLAG FOR SPOT-CHECK -…",https://www.laseraway.com/faqs/hair-removal/how-much-does-laser-hair-remo…
Milan Laser,Laser hair removal chain (nationa…,milanlaser.com,AdLib q=unwanted%20facial%20hair,UNVERIFIED at keyword level,Not isolated in rendered subsets; national chain advertising at brand…,Landing page -> free consult booking,Unlimited Package laser hair removal by body area,Diode/Nd:YAG clinical laser,n/a - service,"""as low as $45/month""; ""Up to 70% off"" promo; per-area price only by custom quote",$45/mo as advertised (financed); true total price i…,Free consultation; up to 70% off plus a limited-edition bun…,0% APR financing;  100% Credit Approval,Lifetime guarantee included with the Unlimited Package,Free consult (no fee),Unlimited sessions for one price - solves the 6/9-session package tra…,"""RESERVE MY SPOT"" / ""Book Your Free Consult…",Savings calculator tool; free consult; monthly payment anchoring; lifetime gu…,Ad -> free consult -> in-clinic close (financed),"Financed monthly payments, not a subscription",Large national chain (300+ locations),"THE SINGLE BEST PRICE ANCHOR WE HAVE: $45/MONTH, LIFETIME GUARANTEE, FROM THE CATEGORY'S BIGGEST NAME. It proves she wi…",https://milanlaser.com/lp/cost 2026-08-14
PEACH FUZZ LASER Studio,Laser/electrolysis studio (local…,peachfuzzlaser.com,AdLib q=hirsutism,3 (rendered subset),"3 of 58 rendered cards on ""hirsutism"" (~62 total active US), with www…",Local service site -> booking,"Laser hair removal, electrolysis, tattoo removal, facials, vajacials",Clinical laser + electrolysis,n/a - service,No prices published; installment plans available,UNVERIFIED - quote by consult,"""GET 20% OFF YOUR FIRST SESSION!""",Installment plans with automatic monthly charges; $10 late fees; sessions expir…,None,Free/discounted first session,Specialist in skin of color; explicitly names PCOS-related hair growt…,"""GET 20% OFF YOUR FIRST SESSION!"" / ""BOOK Y…",Intro discount; inclusive/education-led positioning; installment financing; t…,Meta ad -> booking -> in-studio package,Auto-renewing installment plans,Two-location independent studio,A TWO-LOCATION BROOKLYN STUDIO IS BUYING 'HIRSUTISM' NATIONALLY-VISIBLE ADS WHILE SERVING ONE METRO. Its skin-of-color…,https://www.peachfuzzlaser.com/ + Meta Ad Library 2026-08-14
KEYWORD SWEEP: 'dark spots cream',Melasma / dark spots,n/a,AdLib q=dark%20spots%20cream,"~7,200","~7,200 active US results on 2026-08-14. Musely (5) leads; field is ot…",,,,Predominantly OTC cosmetic,,,,,,,Demand proof,,,,,,"Very large OTC demand pool, but the Rx position is taken. Useful mainly as a price-anchor and language source, not as a…",Meta Ad Library 2026-08-14
KEYWORD SWEEP: 'melasma',Melasma / dark spots,n/a,AdLib q=melasma,"~3,800","~3,800 active US results on 2026-08-14. Musely (7) and Musely FaceRx…",,,,Mixed - one compounded Rx…,,,,,,,Demand proof,,,,,,"CLAIMED. Real demand, but Musely already owns the prescription position and is actively defending it. Entering here mea…",Meta Ad Library 2026-08-14
Musely,Melasma / dark spots (model-repea…,musely.com,AdLib q=Musely,~810 (measured 2026-08-14),~810 active US results on 2026-08-14 across 'Musely' (21 visible card…,Quiz-first telehealth funnel,The Spot Cream and related compounded FaceRx SKUs,,Compounded,,,,,,,Prescription-strength dark spot correction at consumer-skincare prices,,,Quiz -> Rx -> ship,,,THE CATEGORY OWNER FOR PIGMENTATION - and the clearest proof the compounded-derm telehealth model scales past one compl…,Meta Ad Library 2026-08-14
Defy Medical,"Men's health (TRT, ED, Trimix, an…",https://www.defymedical.com,AdLib q=defy%20medical,18 (exact-phrase); 261 on the uno…,Retrieved via Apify actor apify/facebook-ads-scraper (onlyTotal mode)…,"Quiz-first, consult-gated funnel with NO pu…","TRT via injections, topicals, pellets and nasal gel; ED medications including…",No mg/mL or dose strengths disclosed publicly - UNVERIFIED.,UNVERIFIED - no compounde…,NO DOLLAR FIGURES APPEAR ANYWHERE on the TRT or Get Started pages. Every price field is UNVERIF…,UNVERIFIED - cannot be calculated from public pages.,None published.,UNVERIFIED - no pricing or upsell structure is public.,UNVERIFIED - none found.,UNVERIFIED - not published. Pay-p…,Medical depth and patient control - a real clinic with hour-long cons…,"'Get Started', 'Take the Quiz', 'Learn More'","Trustpilot: 4,017 reviews at a 5.0 TrustScore, linked directly from the TRT p…",Quiz -> provider consult -> individualized protocol…,Explicitly no subscription and no contracts - the opposite…,Private. No funding or revenue figures found - UNVERIFIED. The…,"The anti-subscription outlier, and a useful reality check: Defy has run for over a decade with 4,017 Trustpilot reviews…",https://www.defymedical.com/services/trt/ ; https://www.defymedical.com/g…
Winona (By Winona),Menopause / HRT telehealth,bywinona.com,AdLib q=bywinona,~440,Meta Ad Library exact-phrase query on the brand token 'bywinona' retu…,Quiz-first funnel,"HRT delivered as body cream, vaginal cream, oral and patch formats, plus a ph…",Bioidentical hormone therapy; specific strengths are not published pr…,Compounded,Not published pre-quiz. The site states 'We do not currently work directly with insurance compa…,UNVERIFIED,"Start My Free Visit, a free initial visit",HSA/FSA reimbursement positioning,'Pause or cancel anytime'; no money-back guarantee,Free initial visit,Menopause relief without blood tests and without insurance friction,Get Started / Explore HRT / Take the Quiz /…,"5-star Trustpilot rating displayed alongside '100,000+ Happy Patients'; FDA-a…",Quiz to free visit to Rx subscription,Subscription with pause or cancel anytime," 100,000+ patients. Reported as largely self-funded from compan…","THE BEST CRO TEMPLATE IN THE SEGMENT AND THE ONE TO STUDY CLOSEST. ~440 active ads, a free first visit, 'no blood tests…",https://www.bywinona.com/ + https://hitconsultant.net/2026/07/21/winona-l…
Alloy Women's Health,Menopause / women 40+ telehealth,myalloy.com,AdLib q=Alloy%20Women,~4,Meta Ad Library exact-phrase query returned ~4 active US ads on 2026-…,Plan-finder funnel,"Estradiol pill, Evamist spray, estradiol gel, patch and vaginal cream; M4 Fac…",M4 Face Cream Rx built on estriol plus peptide is the distinctive pro…,Compounded and brand,Not published on the homepage. Positioned as 'transparent pricing' with 'easy cash-pay' and FSA…,UNVERIFIED,None,FSA/HSA card acceptance used as an effective discount lever,None stated,Not published,Solving the specific hormonal problems of women over 40 with prescrip…,Start Your Plan / Find Your Plan / Start Now," outcome statistics used in place of reviews, including '95% of Alloy custome…",Plan quiz to Rx subscription,Subscription; cadence not published,"$3.3M seed in 2021, then a $16M Series A led by Kairos HQ, roug…",PROOF A SPECIALIST CAN WIN UNDERFUNDED. Alloy competes against $100M+ rivals on roughly $21M by owning one buyer precis…,https://myalloy.com/ + https://www.forbes.com/sites/geristengel/2026/06/2…
Midi Health,Menopause and perimenopause virtu…,joinmidi.com,AdLib q=Midi%20Health,~110,Meta Ad Library exact-phrase query returned ~110 active US ads on 202…,Book-a-visit clinical site rather than a pr…,"Menopause and perimenopause management, weight management, sexual wellness, m…",Midi Custom Rx compounded medications; no single published hero formu…,Compounded and brand,"Cash prices are not published. The model is insurance-billed, available in all 50 states with c…",UNVERIFIED; insurance-dependent,None,None,None stated,Not published; users are routed t…,Insurance-covered specialist menopause care rather than cash-pay ecom…,Book a Visit / Book Your Virtual Visit / Ch…,Roughly 25 named patient testimonials; insurance-acceptance messaging as the…,Coverage check to booked virtual visit to Rx,Visit-based and insurance-billed rather than a product subs…,"$60M Series B in April 2024 bringing total funding to $100M, fo…",THE INSURANCE-BILLED ALTERNATIVE. Midi proves a well-funded clinical brand at $100M+ can win this buyer without cash-pa…,https://www.joinmidi.com/ + https://www.prnewswire.com/news-releases/midi…
Elektra Health,Menopause telehealth,elektrahealth.com,AdLib q=Elektra%20Health,~18,Meta Ad Library exact-phrase query returned ~18 active US ads on 2026…,Informational site with an external get-sta…,Telemedicine care including a 30-minute initial video visit with a board-cert…,No product hero; the offer is clinical care rather than a formulation,Not applicable,Not published on the individuals page,UNVERIFIED,None,"Employer-sponsored and insurance-covered routes, with EmblemHealth named in ad…",None stated,Not published; a 30-minute initia…,Nobody should navigate menopause alone; education and community along…,Get started,LegitScript approval seal; a dedicated /reviews page; community and 1:1 coach…,Content to get-started hub to visit,Membership with clinician access; price not published,Raised a $3.3M seed round reported February 2024. The B2B emplo…,SMALL AND PARTLY B2B. Their ad copy leading with a named insurer rather than a symptom is the opposite of a direct-resp…,https://www.elektrahealth.com/for-individuals/ + https://www.axios.com/pr…
Evernow,Menopause telehealth,evernow.com,AdLib q=Evernow,0 brand-owned (query returned ~8…,Meta Ad Library exact-phrase query returned ~8 active US results on 2…,Care-plan landing page,"Hormone therapy (estradiol patch, estradiol pill, progesterone, norethindrone…",Facial estriol cream is the closest adjacent hero; there is no hirsut…,Brand and generic,"Membership starting at $35/month for unlimited clinician messaging and ongoing prescriptions, p…",$35/month membership plus medication cost,Vaginal estrogen cream listed as Free,"Insurance-eligible visits with Blue Cross/Blue Shield, Anthem, UnitedHealthcare…",None stated,A one-time virtual visit is price…,Clinician-led menopause care with insurance eligibility,Get care / Get your care plan / Book a virt…, '95% of Evernow members feel better in 2 months'; testimonials carrying a 'V…,Care plan to visit to Rx,$35/month membership or per-visit,Raised a $28.5M round in 2022 backed by investors including Spa…,A FADED COMPETITOR. Well-funded and celebrity-backed in 2022 but running no confirmable paid acquisition today. The $35…,https://www.evernow.com/ + https://www.fortune.com/2022/04/06/spacex-pres…
KEYWORD SWEEP - ENGLISH (evidence row),Meta Ad Library measurement,n/a,AdLib q=hirsutism,See counts,"ALL COUNTS PULLED 2026-08-14, US, active_status=active, ad_type=all…",n/a,n/a,n/a,n/a,n/a,n/a,n/a,n/a,n/a,n/a,Keyword demand measurement,n/a,n/a,n/a,n/a,n/a,"READ THE TIGHT KEYWORDS ONLY. ""hirsutism"" (~62) and ""eflornithine"" (~34) are clean clinical intent. ""chin hair"" (~27,00…",https://www.facebook.com/ads/library/?active_status=active&ad_type=all&co…
KEYWORD SWEEP - SPANISH (evidence row),Meta Ad Library measurement,n/a,AdLib q=vello%20en%20la%20cara,See counts,"SPANISH COUNTS PULLED 2026-08-14, US, active, all ad types. ""vello fa…",n/a,n/a,n/a,n/a,n/a,n/a,n/a,n/a,n/a,n/a,Spanish-language competitive measurement,n/a,n/a,n/a,n/a,n/a,THE 'NO SPANISH COMPETITOR' CLAIM IS REFUTED AS WRITTEN AND MUST BE REWRITTEN BEFORE IT GOES TO ANYONE. Velare Beauty…,https://www.facebook.com/ads/library/?active_status=active&ad_type=all&co…
Orgatics ('Reset' brand portfolio: Fung…,Multi-condition supplement advert…,UNVERIFIED,AdLib q=Orgatics,"~8,400","~8,400 active US results on 2026-08-14. The visible advertiser mix ex…",Long-form advertorial per condition,"One supplement/protocol SKU per body complaint, one brand name per complaint",,Supplement (non-Rx),UNVERIFIED in this pass,,,,UNVERIFIED. A 90-day full refund was recorded for Orgatics in the earlier…,,Condition-specific 'reset' protocol; money-wasted and 'what doctors d…,,,Advertorial -> cart,,At least 7 distinct condition brands running simultaneously off…,"THE MOST IMPORTANT STRUCTURAL FINDING OUTSIDE THE VURET TEARDOWN. This is a brand FACTORY: one operator, one advertoria…",Meta Ad Library 2026-08-14
Vault Health,N/A - EXITED HEALTHCARE. Now back…,https://vaulthealth.com,AdLib q=vault%20health,0 on exact phrase (834 unordered…,Retrieved via Apify actor apify/facebook-ads-scraper (onlyTotal mode)…,N/A - the site is now a B2B employment-scre…,"N/A - no TRT, hormone or prescription products remain. Navigation covers only…",N/A,N/A,N/A,N/A,N/A,N/A,N/A,N/A,N/A - now sells B2B workforce screening to employers.,N/A,N/A,N/A,N/A,Corporate chain stated on-site: 'Vault Workforce Screening is p…,"DEAD FOR THIS CATEGORY - mark N/A, not UNVERIFIED. Vault did not rebrand within telehealth; it exited entirely and is n…",https://vaulthealth.com ; https://www.vaulthealth.com/ ; Meta Ad Library…
Smarter Rx,NO SUCH DTC TELEHEALTH BRAND FOUND,UNVERIFIED - smarterrx.com does n…,AdLib q=smarter%20rx,"262 unordered, but 0 on exact phr…",Retrieved via Apify actor apify/facebook-ads-scraper (onlyTotal mode)…,N/A,N/A,N/A,N/A,N/A,N/A,N/A,N/A,N/A,N/A,N/A,N/A,N/A,N/A,N/A,UNVERIFIED - no company identified.,"ACTION NEEDED BEFORE THIS SHEET SHIPS. Extensive search across 'Smarter Rx', 'SmarterRx', 'getsmarterrx' and domain gue…",DNS lookup of smarterrx.com (does not resolve) ; https://smarterrxcard.co…
WowMD,NOT TELEHEALTH - over-the-counter…,https://www.wowmd.com,AdLib q=wowmd,0,Retrieved via Apify actor apify/facebook-ads-scraper (onlyTotal mode)…,Standard Shopify ecommerce (homepage/collec…,~200 OTC supplements across 15 categories. Featured: Sea Essence Omega 3 Fish…,"N/A - these are OTC dietary supplements, not pharmaceuticals. No mg-s…",N/A - neither compounded…,Individual products $33-$89. Bundle example: 'All-Day Fat Burn Trio' $114.75 (from $135). Free…,$33-$89 per product one-time; up to 30% off with Su…,'SUBSCRIBE & SAVE UP TO 30%'; 'FREE U.S. SHIPPING ON ORDERS…,Subscribe & Save up to 30% is the main mechanism. No checkout bump captured.,'60-DAY MONEY-BACK GUARANTEE' - the strongest and clearest guarantee in t…,$0 - no consult exists. This is a…,"Wellness and longevity via supplements, sold on reviews and guarantee…","'View product', 'Add to wishlist', 'Shop Al…",Homepage aggregate '4.7 out of 5 stars from 50K+ reviews' with per-product ra…,Straight ecommerce: browse -> cart -> checkout. No…,"Optional Subscribe & Save, standard ecommerce. Cancellation…","Private, no disclosed revenue, funding or customer count - UNVE…",FLAG FOR THE PARTNER: WowMD does not belong in an Rx comp set - it sells no prescription product and has no medical con…,https://www.wowmd.com/ ; https://www.wowmd.com/pages/get-started ; https:…
The PCOS Doctor,"PCOS / facial hair (advertiser, d…",UNVERIFIED,AdLib q=hirsutism,13 (rendered subset),"13 of 58 rendered cards on ""hirsutism"" (~62 total active US); also 4…",UNVERIFIED,UNVERIFIED - practitioner-persona ad account,UNVERIFIED,UNVERIFIED,UNVERIFIED,UNVERIFIED,UNVERIFIED,UNVERIFIED,UNVERIFIED,UNVERIFIED,"Practitioner-authority persona (""doctor"" framing) applied to PCOS sym…",UNVERIFIED,Authority/persona-led creative,UNVERIFIED,UNVERIFIED,UNVERIFIED,"AD-LIBRARY VERIFIED ADVERTISER, DESTINATION NOT VERIFIED. Deliberately not linked to any brand - search suggested an Ov…",Meta Ad Library https://www.facebook.com/ads/library/?active_status=activ…
Theralogix (Ovasitol),PCOS supplement (clinical/practit…,theralogix.com,AdLib q=PCOS%20hair,UNVERIFIED at keyword level,"Not isolated in the rendered subset of the ""PCOS hair"" sweep (~2,200…",Product page,Ovasitol Inositol Powder,Myo-inositol + D-chiro-inositol 40:1,Non-Rx supplement,"$73.68 (reduced from $86.68), 90-day supply",$24.56/mo ($73.68 over 90 days),None,Practitioner referral codes (TRC program),None published on product page,None (no Rx),"Clinically-referenced hormone, insulin and ovarian support. NOTABLE:…","""Add to Cart""",Clinical/practitioner credibility; no reviews or ratings on page; no urgency…,Practitioner referral -> DTC purchase,Autoship not shown on this page,Established practitioner-channel supplement brand,THE CLINICAL BASELINE AT $24.56/MO AND THE ONLY BRAND HONEST ENOUGH NOT TO CLAIM A HAIR BENEFIT. That restraint is the…,https://www.theralogix.com/products/ovasitol-inositol-powder 2026-08-14
OvaFit,PCOS supplement (creator-led),ovafit.org,AdLib q=PCOS%20hair,UNVERIFIED at keyword level,Not isolated in rendered subsets. Audience-led (podcast/app) rather t…,DTC storefront + app membership,Inositol Complete 40:1 $37; Metabolism Plus $49; T. Relief Tea $27; Berberine…,Myo/D-chiro inositol 40:1,Non-Rx supplement,"Inositol Complete $37 (Subscribe & Save $31, 90-day interval); PCOS Daily Ritual Bundle $99/mon…",$99/mo for the Daily Ritual Bundle; $29+/mo for the…,None published,Subscribe & Save on inositol; bundle pricing,"90-day money back guarantee; ""Update or cancel anytime""",None (no Rx),Founder-dietitian with PCOS (Tallene) plus trainer husband; community…,"""START MY DAILY RITUAL"" / ""Shop Now"""," 10,000+ PCOS women, 3M+ social followers, 500,000+ women helped; Verified Cu…",Podcast/app audience -> supplement subscription,Monthly bundle subscription $99/mo; app membership $29+/mo…," 3M+ social following, 70,000+ orders","THE AUDIENCE-FIRST MODEL: content and community acquire, supplements and a $29/mo app monetize. At $99/mo the Daily Rit…",https://ovafit.org/ 2026-08-14
Black Girl Vitamins,PCOS supplement (facial hair clai…,blackgirlvitamins.co,AdLib q=facial%20hair%20women,22 (rendered subset),"SECOND-LARGEST ADVERTISER on ""facial hair women"": 22 of 90 rendered c…",DTC product page,PCOS RELIEF,Myo-inositol + D-chiro-inositol + zinc + vitamin D,Non-Rx supplement,$38.00 one-time (1-month supply); $65.00 for 2 months; $98.00 for 3 months; subscription $26.60…,$26.60/mo on subscription; $38.00/mo one-time,None; subscription discount is the offer,Subscribe and save 30%; multi-month supply discounts,No money-back guarantee published,None (no Rx),"Culturally-specific PCOS support for Black women; targets ""excess fac…","""Add to cart"" (ad CTA: ""Start Your Journey…","4.6/5 from 2,504 reviews;  88.1% of users reporting cycle improvements saw po…",Ad -> product page -> subscription,Monthly subscription at 30% off,Established DTC supplement brand,"PROVES THE IDENTITY ANGLE OUTPULLS THE INGREDIENT ANGLE. Same inositol as everyone else, but it wins on cultural specif…",https://blackgirlvitamins.co/products/pcos-relief + Meta Ad Library 2026-…
Nourished Natural Health,PCOS supplement (hirsutism-specif…,nourishednaturalhealth.com,AdLib q=hirsutism,"1 (rendered subset, quiz destinat…",Quiz destination card (quiz.nourishednaturalhealth.com) observed in t…,Quiz-first funnel -> product bundle page,Unwanted Hair & Skin Balance Bundle (AndroEase Plus + Cycle Regulate/Ovulate)…,Myo-inositol plus natural anti-androgen/DHT botanicals,Non-Rx supplement,Hirsutism bundle: $106.00 one-time; $84.80/mo on 1-month subscription (20% off refills); $222.6…,$84.80/mo (1-month subscription) or $26.50/mo equiv…,Quiz-driven personalized recommendation; WELCOME15 for 15%…,Subscribe and save up to 33%; bundle saves up to 25% vs separate; free shipping…,101-Day Results Commitment - refund requires 60 consecutive days of consi…,None (no Rx),"Root-cause androgen framing: ""support balanced androgens and help you…","""Take Our 2-Min Quiz"" / ""Click to get your…",4.6/5 from 323 reviews on the bundle;  over 5 million doses delivered; 4.8/5…,Quiz -> personalized bundle -> subscription,"Monthly and quarterly subscriptions, 20-25% off refills", 5M+ doses delivered,"THE CLOSEST STRATEGIC ANALOGUE OUTSIDE RX AND THE MOST DANGEROUS ROW HERE. It has a hirsutism-named SKU, a quiz funnel…",https://nourishednaturalhealth.com/products/unwanted-hair-hirsutism-suppl…
Health & Balance Vitamins (H&B),PCOS supplement (spearmint anti-a…,handbvitamins.com,AdLib q=hirsutism,1 (rendered subset),"Appears in the ""hirsutism"" sweep (~62 total active US) via the ""Drew…",DTC product page,PCOS Skin & Hair Essentials,Spearmint-led anti-androgen formula,Non-Rx supplement,$79.95 (30 servings); $149.45 (60 servings); $199.99 (90 servings),$79.95/mo one-time; $71.96/mo on Subscribe & Save…,None,"Subscribe & Save 10%, intervals of 30/60/90 days",No money-back guarantee published,None (no Rx),Spearmint reduces androgen activity; page cites the spearmint-tea-in-…,"""Add to cart"" (ad CTA: ""Shop now"")","Study-citation credibility play; persona-led ad creative (""the PCOS Mentor"")…",Persona ad -> product page,"Subscribe & Save at 10%, 30/60/90-day intervals",Small DTC supplement brand,MOST EXPENSIVE SUPPLEMENT IN THE SET AT ~$80/MO WITH ZERO REVIEWS AND ZERO GUARANTEE. It leans on a cited study instead…,https://handbvitamins.com/products/skin-hair-support + Meta Ad Library 20…
"Electrolysis (category, national)",Permanent hair removal service,Independent operators nationwide,AdLib q=hirsutism,2+ (rendered subset),Premier Electrolysis of Houston and PEACH FUZZ LASER Studio (3 cards)…,Local site -> phone/DM booking,Electrolysis by the hour or by session,Galvanic/thermolysis needle epilation,n/a - service,$30-$50 per 15-min session; $60-$90 per 30 min; $100-$150 per 60 min; $50-$150/hour nationally…,"$83-$417/mo ($1,500 over 18 months to $5,000 over 1…","Common local intro discounts (e.g. Peach Fuzz Laser: ""GET 2…",Package of 6-12 sessions saves 15-20%,None standard,n/a,The only FDA-recognized permanent hair removal; works on light and fi…,"""BOOK YOUR SPOT!"" / phone or DM booking",Local trust; before/after galleries; installment plans at some studios (e.g…,Local ad -> call/DM -> in-chair sessions,Installment plans at some studios,Fragmented independents,THE MOST EFFECTIVE OPTION AND THE MOST PAINFUL TO BUY: 12-18 months of appointments at $83-$417/mo. This is the ceiling…,costhelper.com + thervo.com + https://www.peachfuzzlaser.com/ + https://w…
Agency (withagency.com),Personalized Rx anti-aging skinca…,withagency.com,AdLib q=withagency.com,~6,Meta Ad Library exact-phrase query on the brand domain returned ~6 ac…,Trial-first landing page with a skin quiz,"Future Formula (wrinkles, fine lines, texture, firmness), Dark Spot Formula (…","Personalized Rx blends drawn from tretinoin, azelaic acid, tranexamic…",Compounded,Future Formula $80 every 2 months with shipping included; Dark Spot plus Future Formula bundle…,$40/month for the single formula; $65/month for the…,A trial is promoted as 'Start your trial' but the trial pri…,Two-formula bundle framed as a $10/month saving; refills ship every 2 months,None stated,Not disclosed; the page says only…,"Prescription formulas that adapt as your skin evolves, personalized b…",Start your trial / Start skin quiz,"Vegan, cruelty-free, unscented and paraben-free product attributes; 'Cancel a…",Landing page to skin quiz to Rx subscription,"Subscription billed every 2 months, the same cadence Musely…",UNVERIFIED,"THE PRICING-ARCHITECTURE MATCH. They bill $80 every 2 months and communicate it as $40/month, the identical advertised-…","https://withagency.com/ + Meta Ad Library, verified 2026-08-14"
Curology,Personalized Rx skincare,curology.com,AdLib q=Curology,~63 (measured 2026-08-14),Meta Ad Library exact-phrase query returned ~63 active US ads on 2026…,Quiz-first funnel,"Custom Formula Rx (acne, rosacea, dark spots), DayPrime Rx, HydroTret Rx, Bod…",Custom compounded Rx formula; ingredients are personalized per patien…,Compounded,First box $5.45 shipping and handling only for a 30-day trial; the ongoing subscription price i…,UNVERIFIED for the ongoing price; the entry price i…,"Free 30-day first box for new subscribers, pay $5.45 S&H, r…",Retail add-on products from $12 to $35 cross-sold alongside the Rx formula,No money-back guarantee. Instead they offer unlimited provider messaging…,Included in the trial and not sep…,Personalization and provider access; a custom formula rather than an…,Get your formula,'1M+ patients treated'; '5K+ 5-star reviews' dated 12/03/2021 on the page its…,Quiz to Rx to subscription box,Monthly subscription after the 30-day trial box,Reported annual revenue around $168.6M (2026 estimate). Note on…,THE TRIAL-OFFER TEMPLATE WORTH COPYING. $5.45 shipping-only for a 30-day supply is the lowest-friction entry mechanic i…,https://curology.com/ + https://incfact.com/company/curology-sandiego-ca/…
Dermatica,Personalized Rx skincare (US and…,dermatica.com,AdLib q=Dermatica,~12,Meta Ad Library exact-phrase query returned ~12 active US ads on 2026…,Free-trial-first landing page,"Personalized prescription formulas for acne, aging, hyperpigmentation, melasm…",Personalized Rx actives blended into a 'SmartBase' cream containing h…,Compounded,"28-day free trial for a $4.99 prescribing fee, against a stated regular prescribing fee of $29…",$4.99 for month one; the ongoing per-month price is…,"28-day free trial, cancel easily anytime, just pay a $4.99…",Routine-essentials cross-sell alongside the Rx formula,None stated,"$4.99 prescribing fee, bundled in…",Free trial and low-friction entry to personalized prescription skinca…,Start your free trial / Start consultation,Google 4.7/5 from 317 reviews and Facebook 4.9/5 from 784 reviews shown side…,Free trial to consultation to subscription,"Subscription with shipments every 56 days, a 2-month cadence",UNVERIFIED,THE DISCOUNT-ANCHOR TEMPLATE. Showing $29.95 struck through against $4.99 is the cleanest price-anchor mechanic in the…,"https://dermatica.com/ + Meta Ad Library, verified 2026-08-14"
Twentyeight Health,Reproductive health telehealth (e…,twentyeighthealth.com,AdLib q=Twentyeight%20Health,~2,Meta Ad Library exact-phrase query returned ~2 active US ads on 2026-…,Subscription plan page with a virtual visit…,"Birth control (pill, patch, ring, shot), emergency contraception, herpes trea…",No hirsutism or facial hair product,Generic,Complete Care plan at $19.99/month; as low as $16/mo without insurance; $0 prescriptions with i…,$19.99/month,None,"Membership includes unlimited provider messaging, free shipping, annual renewal…",None stated,Included in the $19.99/month subs…,"Affordable reproductive care for everyone, including Medicaid patients",Get Started / Start My Virtual Visit Today,"Media logos from Forbes, Business Insider, Fast Company and Shape used in pla…",Virtual visit to subscription,$19.99/month membership,Donates 1% of revenues to the National Institute for Reproducti…,LOW PRICE FLOOR AND LOW AD SPEND. At $19.99/month all-in they set the cheapest recurring price in the women's telehealt…,"https://www.twentyeighthealth.com/ + Meta Ad Library, verified 2026-08-14"
Existing rosacea Rx telehealth supply (…,Rosacea / facial redness,redboxrx.com; sesamecare.com; mus…,AdLib q=rosacea%20treatment,0 visible on rosacea keywords,None of these brands appeared among the visible advertisers on either…,Condition sub-pages inside broad multi-cond…,Rosacea creams and oral meds as one SKU among dozens,,Mostly generic; Musely an…,RedBox Rx rosacea medications from $16/mo with a $25 online consult (UNVERIFIED - the RedBox Rx…,$16-$59 (UNVERIFIED),,,,$25 RedBox Rx; included at Sesame…,"Rosacea as a checkbox in a broad catalogue, not as a brand",,,Platform quiz -> Rx,,,CRITICAL NUANCE THAT CORRECTS THE OBVIOUS READ. Rosacea supply is NOT a vacuum - at least six platforms already sell it…,Meta Ad Library 2026-08-14 + web search 2026-08-14 (pricing UNVERIFIED -…
KEYWORD SWEEP: 'rosacea treatment',Rosacea / facial redness,n/a,AdLib q=rosacea%20treatment,~800,~800 active US results on 2026-08-14. Every visible advertiser was ei…,Local clinic lead forms and cosmetic produc…,,,Local in-clinic procedure…,,,,,,,Demand proof + white space,,,,,,"STRONGEST UNCLAIMED VERTICAL IN THIS DATASET. Real, funded demand (~800 active ads on the treatment-intent term, ~3,100…",Meta Ad Library 2026-08-14
KEYWORD SWEEP: 'rosacea' (broad),Rosacea / facial redness,n/a,AdLib q=rosacea,"~3,100","~3,100 active US results on 2026-08-14. Visible field is cosmetic ski…",,,,Predominantly OTC cosmetic,,,,,,,Demand proof,,,,,,Broad rosacea demand is ~4x the treatment-intent term and is being monetised almost entirely by cosmetics. Confirms the…,Meta Ad Library 2026-08-14
Dr. B,Rosacea / multi-condition telehea…,drb.ai,AdLib q=Dr.%20B,UNVERIFIED,UNVERIFIED at brand level - 'Dr. B' is too generic a keyword to isola…,Condition landing page -> AI intake,Consult only; prescription sent to the patient's chosen pharmacy,"Standard generics - metronidazole, azelaic acid",Generic (no compounding…,"$19 consult, no membership required. Medication paid separately at the pharmacy: metronidazole…","~$42-49 first month (consult + med), then med cost…",None,None. Offers discount-card assistance instead.,None stated,$19,"Cheapest legitimate route to a real prescription; no subscription, no…",'Get started'; 'See if rosacea treatment is…,"Price-led headline ($19), 'no membership required' friction-remover",AI intake -> provider review -> e-Rx to patient's o…,One-time. Refill-assessment reminders only.,UNVERIFIED,"THE PRICE FLOOR, AND THE MOST IMPORTANT CONSTRAINT ON ANY ROSACEA PLAY. Because it never touches fulfillment it can sel…",https://drb.ai/care/dermatology/rosacea 2026-08-14
GoodRx Care,Routine and urgent conditions (UT…,https://www.goodrx.com/care,AdLib q=goodrx,215 (brand keyword); 'goodrx care…,Retrieved via Apify actor apify/facebook-ads-scraper (onlyTotal mode)…,UNVERIFIED - goodrx.com/care and /care/pric…,"GoodRx Care telehealth visits plus GoodRx Companion, the renamed subscription…",N/A - no formulated product.,Generic-first by design…,SECONDARY SOURCES ONLY - primary site inaccessible. GoodRx Companion membership $14.99/month (c…,$14.99/mo membership plus $19 per visit when used…,UNVERIFIED - primary site inaccessible.,UNVERIFIED - primary site inaccessible.,UNVERIFIED - no guarantee language found in any accessible source.,Three-part structure: membership…,Price transparency on generics - the cheapest path to the same molecu…,UNVERIFIED - could not capture. Do not quot…,UNVERIFIED - could not capture.,Membership -> discounted per-visit telehealth -> e-…,"GoodRx Companion, single tier at $14.99/mo per secondary so…","Public company, NASDAQ: GDRX. FY2025 revenue $796.9M; FY2026 gu…",The lowest-cost competitor in the set and the clearest argument for why a compounded brand should not sell a plain mole…,https://hitconsultant.net/2026/05/27/goodrx-launches-companion-healthcare…
Amino Co (The Amino Company),Supplements (non-Rx),aminoco.com,AdLib q=Amino%20Co,UNVERIFIED,Not separately queried in this pass. The two-token brand name is high…,Ecommerce product catalog,"Essential amino acid supplements: Perform for athletic performance, Life for…",Non-prescription essential amino acid formulations,Neither; OTC dietary supp…,Heal $99.00; Life $95.00; Purity $99.00,$95 to $99 per unit; subscription cadence not publi…,None observed,None observed,"60 Day Money back guarantee with a full refund if unsatisfied, stated wit…",None; no prescription involved,Patented amino acid science backed by decades of research,Shop All Products / Learn More,"5-star testimonials from named users;  'patented or patent pending', '40 year…",Direct ecommerce,Not published,UNVERIFIED,"NOT A COMPETITOR, BUT A USEFUL PRICE AND GUARANTEE COMPARABLE. They sell a non-prescription supplement at $95 to $99, t…",https://www.aminoco.com/ + verified 2026-08-14
Honeydew Care,Teledermatology membership,honeydewcare.com / honeydew.com,AdLib q=Honeydew%20Care,~540,Meta Ad Library exact-phrase query returned ~540 active US ads on 202…,Membership and pricing page with an app reg…,"Accutane, Low Dose Accutane, Custom Compounding, Dupixent, Spironolactone, an…",Custom compounding is offered as a named service line; there is no fi…,Compounded and brand,"Membership pricing is not rendered publicly. The site promises 'Simple, transparent pricing', a…",UNVERIFIED,$25 off annual plans with code YEARLY25 for new patients; f…,$25 off annual plans via code YEARLY25; annual prepay plans offered alongside m…,None stated,Free first consultation,"Dermatologist-guided care personalized to your skin, with no insuranc…",GET STARTED / START NOW,Site-wide promotional bar carrying a discount code; free-first-consult risk r…,Membership signup to app to Rx,"Monthly or annual membership, with annual discount-incentiv…",UNVERIFIED,"THE HIDDEN HEAVY SPENDER. ~540 active ads makes them the second-biggest Meta buyer in this set, yet they will not show…",https://www.honeydewcare.com/ + https://www.honeydew.com/pricing + Meta A…
TRT Nation,"Testosterone therapy, weight loss…",https://trtnation.com,AdLib q=trt%20nation,42,Retrieved via Apify actor apify/facebook-ads-scraper (onlyTotal mode)…,Conversion-focused homepage with price in t…,"Testosterone therapy, weight loss therapy, sermorelin/anti-aging, sexual heal…",NOT DISCLOSED - the /testosterone-therapy/ product page returned no r…,UNVERIFIED - could not be…,Testosterone Therapy $99/mo (the price appears in the page title itself: 'America's Clinic | Te…,$99/mo for TRT and $219/mo for weight loss as adver…,'New Patients score 10% OFF your 1st treatment'.,No order bumps captured. 'BRING YOUR OWN LABS' functions as a cost-reduction of…,UNVERIFIED - a Cancellation Policy page exists but its terms were not ret…,Not itemized separately from the…,"Price leadership and accessibility - '#1 IN THE NATION', flat-rate do…","'Start TRT', 'Start Now', 'Order Labs', 'Cu…","Embedded Google reviews widget showing 4.9 based on 2,037 reviews; LegitScrip…",Select treatment -> submit or order bloodwork -> 1-…,Monthly subscription; operates in every state except Alabam…,Private. No revenue or funding figures found - UNVERIFIED. Exte…,"The most useful idea here is flat-rate dosing: 'any dose, same price' at $219/mo for GLP-1 removes the single biggest o…",https://trtnation.com ; Meta Ad Library URL in column D - retrieved 2026-…
Clarivia (buyclarivia.com Shopify store),Toe fungus / onychomycosis,buyclarivia.com,AdLib q=Clarivia,0 (measured 2026-08-14),Meta Ad Library keyword 'Clarivia' returned 'No ads match your search…,Shopify product/collection pages (direct-bu…,Clarivia - 1 Month Supply; Clarivia - 3 Month Supply; Clarivia - 6 Month Supp…,Not stated on the Shopify listings (product bodies are empty). Sister…,Compounded,1 Month $124.00 (compare-at $169.00); 3 Month $296.00 (compare-at $507.00); 6 Month $517.00 (co…,$124.00 / $98.67 / $86.17,None. Compare-at crossouts are the discount mechanic.,No order-bump or upsell app detected on the Shopify storefront. Bumps live on t…,"90-day money back guarantee, per quiz-funnel FAQ: 'If you're not satisfie…",$0 (FREE Doctor Visit included on…,"Direct-pay prescription topical, no insurance, no lab tests, no appoi…",'Buy Now'; 'Check out',Compare-at price crossouts on every SKU; countdown timer on buy.getclarivia.c…,Shopify direct-buy running in parallel with the qui…,Shopify variants are one-time (requires_selling_plan = none…,Same operator as Vuret. Subdomains observed via certificate tra…,Confirms Vuret and Clarivia are ONE operator: getvuret.com links directly to quiz.getclarivia.com. Two live price ladde…,https://buyclarivia.com/products.json + https://buy.getclarivia.com + htt…
KEYWORD SWEEP: 'nail fungus',Toe fungus / onychomycosis,n/a,AdLib q=nail%20fungus,"~8,500 (measured 2026-08-14)","~8,500 active US results on 2026-08-14. Top visible: NONYX Fungal Nai…",Mixed - advertorial and marketplace listings,"OTC gels, supplements, nail salon services",,Predominantly OTC / suppl…,,,,,,,Demand proof,,,Advertorial -> cart,,,"Broadest term in the category at ~8,500 active ads - 4x the 'toenail fungus' volume. Same picture: zero prescription te…",Meta Ad Library 2026-08-14
KEYWORD SWEEP: 'toe fungus prescription',Toe fungus / onychomycosis,n/a,AdLib q=toe%20fungus%20prescription,"~2,800","~2,800 active US results on 2026-08-14. Fungus Free Reset alone accou…",Long-form advertorial with doctor-persona f…,Supplements and OTC positioned against the word 'prescription',,OTC / supplement masquera…,,,,,,,Demand proof + positioning gap,,,Advertorial -> cart,,,"THE SINGLE BEST GAP SIGNAL IN THIS SEGMENT. ~2,800 active ads are bidding on explicit PRESCRIPTION intent, and the adve…",Meta Ad Library 2026-08-14
KEYWORD SWEEP: 'toenail fungus',Toe fungus / onychomycosis,n/a,AdLib q=toenail%20fungus,"~2,100 (measured 2026-08-14)","~2,100 active US results on 2026-08-14. Top visible advertisers by ca…",Mixed - mostly long-form advertorial (nutra…,"OTC gels, supplements, laser/podiatry services",,Predominantly OTC / suppl…,,,,,,,Demand proof,,,"Advertorial -> cart, or local lead form",,,"DEMAND IS REAL AND MOSTLY UNMET BY PRESCRIPTION PLAYERS. ~2,100 active ads and the paid field is dominated by supplemen…",Meta Ad Library 2026-08-14
STRIDE,Toe fungus / onychomycosis,getmystride.com,AdLib q=STRIDE,UNVERIFIED,UNVERIFIED at brand level - the keyword 'STRIDE' is too generic to is…,Long-form content/product site,STRIDE DUO (oral + topical); Oral Only; Topical Only,STRIDE DUO = pulse-dosed terbinafine (with fluconazole option) + STRI…,Both - generic oral + com…,STRIDE DUO from $210 / 3 months ($1.43/day); Oral Only from $129 / 3 months; Topical Only from…,$70 (DUO) / $43 (oral only) / $65 (topical only),None found,None found on the public pages,Money-back guarantee referenced site-wide; exact terms sit behind /terms-…,Not stated (UNVERIFIED),Oral + topical combination therapy beats topical alone; 89% clinical…,'BUY NOW'; 'Get Treated'; 'Start Your Treat…,Repeated 89% efficacy stat; per-day price framing ($1.43/day); free delivery…,Content/product page -> consult -> Rx -> ship,One-time purchase per 3-month treatment cycle,No pharmacy or telehealth partner disclosed on the page (contra…,"The only competitor attacking with ORAL therapy, and the cheapest per month in the category at $43-70. Not buying paid…",https://getmystride.com + Meta Ad Library sweeps 2026-08-14
Vuret (Vurét),Toe fungus / onychomycosis,getvuret.com,AdLib q=Vuret,~58 (measured 2026-08-14),Meta Ad Library keyword 'Vuret' returned ~58 active US results; page…,Brand site -> external quiz funnel (quiz.ge…,Vuret Original; Vuret 2.0,Vuret Original = Itraconazole 1% + Terbinafine 1% + DMSO. Vuret 2.0 =…,Compounded (503A licensed…,Quiz funnel ladder: 'Try One' 30-Day Supply $99 (orig $109); 'Most Popular' 90-Day Supply $79/m…,$99 / $79 / $69,No separate trial. Doctor Consultation listed at $199.00 st…,"4 checkout order bumps, each framed 'at 50% off' with anchor price: (1) 'Yes! A…",'90 Day 100% Money-Back Guarantee ... Try it risk-free for 90 days ... we…,$0 (shown as $199.00 struck throu…,"Prescription-strength topical that penetrates the nail, without oral…",'Start Your Consultation'; 'Qualify Now'; '…,Stat bar: 100% U.S. Licensed Physicians / 3K+ Satisfied Customers / 503A Lice…,Ad -> brand site -> 4-step quiz (severity image sel…,Billed Monthly / Every 3 Months / Every 6 Months by tier; a…,"3,000+ satisfied customers. Vendor stack exposed publicly: Chem…","PRIMARY RIP TARGET - full offer stack now verified at source, not inferred. Checkout campaign is literally named 'Vuret…",https://getvuret.com + https://quiz.getclarivia.com/dosage + https://star…
Emuaid,Toe fungus / onychomycosis (OTC),emuaid.com,AdLib q=Emuaid,~120 (measured 2026-08-14),~120 active US results on 2026-08-14; page 'Emuaid' accounted for 28…,Long-form advertorial,EMUAID / EMUAIDMAX topical ointments,,OTC homeopathic ointment…,EMUAIDMAX First Aid Ointment 2oz $63.90; EMUAID First Aid Ointment 2oz $52.90; EMUAID Therapeut…,$52.90-$63.90 per 2oz jar (duration of a jar not st…,None found,Bundle discount ($119 to $85). No subscribe-and-save percentage shown on the pa…,'We are so confident in the efficacy of EMUAID that we guarantee you'll e…,n/a (no prescriber),Broad-spectrum 'works on everything' skin ointment with a 24-hour rel…,'Add to Cart'; 'Find Your Formula'; 'Get EM…,,Advertorial -> cart,,,"Highest single-brand active-ad concentration among OTC toe-fungus players we measured, at a $52.90-$63.90 price point t…",https://www.emuaid.com + Meta Ad Library 2026-08-14
Kerasal,Toe fungus / onychomycosis (OTC),kerasal.com,AdLib q=Kerasal,~380 (measured 2026-08-14),~380 active US results on 2026-08-14; page 'Kerasal' accounted for 8…,Retail/DTC product page,"Kerasal Fungal Nail Renewal, 0.33 fl oz","Urea, lactic acid, propylene glycol (keratolytic - softens and debrid…",OTC cosmetic nail renewal…,UNVERIFIED - no price displayed on the product page fetched (kerasal.com routes purchase throug…,,None,No subscribe-and-save shown,None stated on the product page,n/a (no prescriber),Speed of visible improvement - 'This formula starts visibly improving…,'Buy Now',,Retail + DTC cart,,,"The retail incumbent most buyers have already failed with before they search for a prescription, which makes 'you alrea…",https://www.kerasal.com/products/kerasal-fungal-nail-renewal + Meta Ad Li…
NONYX Fungal Nail Clarifying Gel,Toe fungus / onychomycosis (OTC),nonyxnailgel.com,AdLib q=NONYX,~18,"~18 active US results on 2026-08-14, of which the page 'NONYX Fungal…",DTC/retail product page,NONYX Fungal Nail Clarifying Gel,,OTC,,,,,,,Clarifying keratin debris rather than claiming to kill fungus,,,Retail + DTC cart,,,"Small absolute budget but punches far above it on the generic sweeps, which suggests tightly-targeted buying. Pricing a…",Meta Ad Library 2026-08-14
Fungus Free Reset,Toe fungus / onychomycosis (suppl…,UNVERIFIED,AdLib q=Fungus%20Free%20Reset,"~1,200","~1,200 active US results on 2026-08-14; the page itself accounted for…",Long-form advertorial,Supplement/protocol positioned against nail fungus,,Supplement (non-Rx),,,,,,,Money-wasted / 'what podiatrists don't tell you' advertorial framing,,,Advertorial -> cart,,,"THE REAL VOLUME LEADER IN THIS CATEGORY - roughly 20x Vuret's active-ad count, and it conquests competitor brand terms…",Meta Ad Library 2026-08-14
Nail Exodus,Toe fungus / onychomycosis (suppl…,UNVERIFIED - nailexodus.com does…,AdLib q=Nail%20Exodus,~230,"~230 active US results on 2026-08-14, all 22 visible cards from the s…",UNVERIFIED - landing domain not reachable f…,,,UNVERIFIED (presumed non-…,,,,,,,UNVERIFIED,,,UNVERIFIED,,,"Real and sustained ad spend (~230 active) but no reachable public brand site under the obvious domain, which is the sig…",Meta Ad Library 2026-08-14
Nuvira,Toe fungus / onychomycosis (suppl…,UNVERIFIED - nuvira.com is a park…,AdLib q=Nuvira,~350,"~350 active US results on 2026-08-14, all 26 visible cards from the s…",UNVERIFIED,,,UNVERIFIED (presumed non-…,,,,,,,UNVERIFIED,,,UNVERIFIED,,,"Same pattern as Nail Exodus: meaningful spend, no discoverable brand home. nuvira.com resolves to a domain-for-sale par…",Meta Ad Library 2026-08-14 + https://nuvira.com
PeterMD (formerly Peter Uncaged MD),"TRT (injectable and oral), HCG, w…",https://getpetermd.com (peterunca…,AdLib q=petermd,82,Retrieved via Apify actor apify/facebook-ads-scraper (onlyTotal mode)…,Instant-checkout ecommerce with a live cart…,"Men's TRT (injectable and oral/enclomiphene), HCG, GLP-1 weight loss, sexual…","Injectable and oral TRT plus standalone HCG (one vial, 10,000 IU). Ex…",UNVERIFIED - not explicit…,"Men's TRT: 12-Month Plan $79/month (labelled Best Value, $948 total, against a stated 'Regular…",$79-$139/mo depending on commitment length - a 43%…,No first-month teaser; commitment length is the discount me…,"A textbook exit-intent order bump, verbatim: 'Wait! Last Chance To Add HCG For…",UNVERIFIED - none found.,Not itemized - 'Unlimited provide…,"Scale and value - cheapest credible TRT, with a direct competitor cos…","'Add To Cart', 'Speak With Us', 'ADD HCG TO…",Tiered plan-length discounting; 'Regular price' strikethrough anchoring; perc…,Instant checkout -> intake -> provider review -> sh…,"Monthly subscription with 1, 6 and 12-month tiers; the annu…",No funding or revenue disclosed - UNVERIFIED.  400K+ subscriber…,"The best single order-bump script in the dataset, and it is worth copying almost verbatim in structure: name the exact…",https://getpetermd.com/ ; https://getpetermd.com/mens-trt/ ; Meta Ad Libr…
Joi + Blokes (formerly Blokes / Bluebir…,"TRT (men), BHRT/hormones (women)…",https://joiandblokes.com (blokes…,AdLib q=blokes,413 on 'blokes' (identical unorde…,Retrieved via Apify actor apify/facebook-ads-scraper (onlyTotal mode)…,Labs-first ecommerce funnel: promotional ba…,"Men's TRT, enclomiphene, women's BHRT, sermorelin peptide therapy, NAD+, GLP-…",Testosterone concentration (mg/mL) is NOT disclosed on the pages craw…,UNVERIFIED at the exact-w…,Membership fee $0 and consultation fee $0. Lab panels: Complete Hormone Panel $149; Advanced Pa…,$99/mo for men's TRT plus $149-$399 of upfront labs…,65% off diagnostic labs with code LABS65 for new customers…,The lab panel tier itself ($149 vs $399) is the main upsell. No separate checko…,UNVERIFIED - no guarantee terms found on the pages crawled.,$0 stated - 'All prescription pro…,"Accessible hormone optimization for both sexes under one roof, with l…","'Checkout', 'ADD', 'Continue', 'Check Addre…",Promotional lab discount banner; biomarker counts (71 markers) as a value sig…,"Labs -> clinician review -> Rx -> ship, with instan…",Monthly medication subscription with $0 membership; labs pu…,"UNVERIFIED - no revenue, funding or patient-count figures found.","CORRECTION TO THE BRIEF: the 'Blokes for men, Bluebird for women' structure is out of date. blokes.co now redirects to…",https://joiandblokes.com/ ; https://joiandblokes.com/product/prescription…
Maximus,"TRT, enclomiphene, weight loss (G…",https://www.maximustribe.com,AdLib q=maximus%20tribe,41,Retrieved via Apify actor apify/facebook-ads-scraper (onlyTotal mode)…,Full ecommerce product catalog with plan pr…,"Injectable Testosterone (flagship), enclomiphene, sermorelin, GLP-1s, oxytoci…",Injectable testosterone delivered subcutaneously in a pharmaceutical-…,"Compounded, explicitly: '…",Injectable Testosterone: 1-Month Plan $199.99/mo; 3-Month Plan $149.99/mo (labelled MOST POPULA…,$99.99-$199.99/mo depending on commitment length -…,No first-month discount; the intro mechanism is commitment-…,No discrete checkout bump captured. The plan-length ladder is the primary conve…,UNVERIFIED - none found on the crawled pages.,Not itemized - bundled into the s…,"Clinical sophistication and protocol quality - MCT oil carrier, paten…","'Start assessment', 'Start my assessment'…"," 'Join 50,000+ men';  'clients saw a mean increase of up to 2x in total testo…",Assessment quiz -> at-home lab test -> doctor final…,"Monthly subscription with 1, 3 and 6-month commitment tiers…",Raised $15M in total venture financing including a Series A ann…,The cleanest commitment-ladder pricing in the sheet: $199.99 for one month against $99.99 on six months makes the long…,https://www.maximustribe.com/pricing ; https://www.maximustribe.com/testo…
Prime Body,TRT/hormone replacement (primary)…,https://primebody.com,AdLib q=prime%20body,21 (exact-phrase); 10696 on the u…,Retrieved via Apify actor apify/facebook-ads-scraper (onlyTotal mode)…,Direct ecommerce checkout page with the med…,"Sildenafil, Tadalafil, 'Superman' (a rebranded sildenafil SKU), plus TRT and…",mg strengths are NOT itemized on the checkout pages - UNVERIFIED. Pro…,"Generic, explicitly 'gene…","FULL LADDER, identical on the sildenafil and tadalafil pages. Subscribe & Save: 18 pills $15.66…","Per-pill on subscription: $0.87 (18-pack), $1.19 (1…",No intro-then-rebill ladder on the ED SKUs - the subscribe…,"The notable tactic is a fee presentation, not a bump: the checkout Cart Breakdo…",None found - UNVERIFIED.,$35 prescription fee listed then…,"Lowest per-pill price, with TRT as the higher-ticket back end.","'Get Started', 'Next', 'Previous', 'Login'…",'Sildenafil by Primebody vs Others' comparison graphic;  'helps 70-85% of men…,Direct checkout with embedded medical questionnaire…,Subscribe & Save requires a 3-month minimum; one-time purch…,"UNVERIFIED. No revenue, funding or customer data found. Listed…",Two tactics worth stealing and one worth avoiding. Steal the subscribe-versus-one-time spread - charging 57-94% more pe…,https://primebody.com ; https://primebody.com/viagra-cialis-checkout/sild…
Marek Health,"TRT/HRT, hair loss, weight loss…",https://marekhealth.com,AdLib q=marek%20health,101,Retrieved via Apify actor apify/facebook-ads-scraper (onlyTotal mode)…,"Coaching-first, book-a-call funnel rather t…","'Guided Optimization' - a coaching plus labs plus provider package, not a fla…",Injections ('our preferred route... allows for highly-personalized do…,UNVERIFIED - no compounde…,"Intake/assessment fee $299. Lab panel minimum purchase $450, verbatim: 'Unlock exclusive discou…",CANNOT BE CALCULATED from public pages - UNVERIFIED…,None found - no intro discount published.,"UNVERIFIED - pricing is consult-gated, so any upsell structure sits behind the…",UNVERIFIED. A Cancellation & Refund Policy page exists but its terms were…,The $299 intake fee functions as…,"Expertise and personalization, anchored on founder credibility rather…","'Start your journey', 'Start treatment onli…"," '50,000+ Marek Health clients transformed'; cited low-testosterone prevalenc…",Book a call -> health coach assessment -> lab analy…,Not a flat subscription - an ongoing coaching relationship…,No funding or revenue disclosed. Co-founded by Derek ('MPMD')…,The highest-ticket structure documented here and a deliberate refusal to publish a price. It works because the buyer ar…,https://marekhealth.com ; https://marekhealth.com/testosterone ; Meta Ad…
Black Coral Wax,Waxing supplies (PCOS-angled crea…,blackcoralwax.com,AdLib q=hirsutism,1 (rendered subset),"Appears in the ""hirsutism"" sweep (~62 total active US) with the ad-le…",DTC ecommerce storefront,"Hard wax (Plumeria, Kai, White Coral, Black Coral, Mae Mae), soft wax, roll-o…",Hard wax (mechanical removal),n/a - cosmetic supply,"Plumeria Hard Wax $45 (2.2 lb, 18% off $55); Kai Hard Wax from $42 (19% off $52); ili Oil 60ml…",UNVERIFIED - a 2.2 lb professional bag covers many…,15% off first order via newsletter,Percentage-off anchors across catalog; PRO wholesale tiers,"No explicit guarantee (emphasizes Free Shipping, Free Returns, Secured Ch…",n/a,"SPLIT: the ad creative targets hirsutism directly (""Hirsutism Chin Wa…","""Shop now"" (ad) / ""Add to cart"", ""Choose op…"," 4.7/5 from 67,000+ members; per-product review counts (Plumeria 764, Black C…",Meta ad (condition-targeted) -> generic pro-supply…,None,Established esthetician supply brand,"TEXTBOOK MESSAGE-MATCH FAILURE AND A FREE LESSON. They buy the hirsutism click with a 'Hirsutism Chin Wax' ad, then lan…",https://blackcoralwax.com/ + Meta Ad Library 2026-08-14
MEDVi,"Weight loss (GLP-1) flagship, men…",https://medvi.org (note: medvi.co…,AdLib q=medvi,2715 (unordered); 2718 exact-phra…,Retrieved via Apify actor apify/facebook-ads-scraper (onlyTotal mode)…,Product-specific advertorial microsite on a…,"MEDVi QUAD (ED), GLP-1 weight loss (compounded semaglutide/tirzepatide and or…","QUAD, marketed as 'the world's first 4-in-1 formula': PT-141 (desire)…","Compounded, explicitly: '…","QUAD displays '$114' and '$179 /month' adjacently with 'Starting at', 'Or Bundle & Save More' a…",$114-$179/mo for QUAD.,No explicit first-month-then-rebill ladder found for QUAD b…,No checkout bumps on the QUAD landing page - cross-sell happens at brand level…,"Cancel anytime, but refunds are heavily restricted. Verbatim: 'You may ca…",Not itemized - 'Doctor Consultati…,Formulation superiority - a 4-in-1 that claims to beat Viagra on hard…,"'SEE IF YOU QUALIFY' (primary), 'Get Starte…",'Old Way vs The QUAD Way' comparison table against Levitra/Viagra/Cialis; ani…,Advertorial microsite -> 3-minute intake -> US-lice…,"Monthly subscription, cancel anytime with 72 hours notice…",Reported by the New York Times (per financials the Times review…,The most important row in this sheet. MEDVi is the existence proof for the exact play a new compounded-Rx brand is cons…,https://medvi.org ; https://quad.medvi.org ; https://medvi.org/refund-pol…
Numan (UK),"Weight loss (GLP-1), ED, hair los…",https://www.numan.com,AdLib q=numan,132,Retrieved via Apify actor apify/facebook-ads-scraper (onlyTotal mode)…,Long-form condition/product landing pages w…,"Mounjaro, Wegovy, Wegovy Pill, Alli (weight loss); finasteride, minoxidil, Re…",Mounjaro (tirzepatide) 2.5/5/7.5/10/12.5/15mg; Wegovy (semaglutide) 0…,Generic and branded manuf…,"ALL PRICES GBP. Mounjaro per month: 2.5mg £219, 5mg £249, 7.5mg £299, 10mg £319, 12.5mg £339, 1…",GBP. ED £12.33-£48.33/mo depending on tier; weight…,ED: 'Save 60% on your first month of ED treatment (max. £35…,Cross-sell add-ons priced as bump-style SKUs: glucomannan supplement from £12.6…,'180 day guarantee - See results or your money back*' on the hair loss li…,No standalone consult fee on prod…,Clinical rigour and preventative health - a 'healthcare co-pilot' rat…,"'Get started', 'Buy now', 'Start your progr…",Before/after testimonial cards with named users and specific kg losses; struc…,Long-form lander -> consultation and clinical revie…,Monthly recurring by default; 3-month prepay on ED at a low…,Closed a $60M (£44.6M) Series B extension including $27M growth…,DOES NOT SERVE THE US - Numan's Terms of Sale require UK residency and it explicitly blocks address-forwarding services…,https://www.numan.com/ ; https://www.numan.com/weight-loss/mounjaro ; htt…
Lemonaid Health,"Weight loss (GLP-1), mental healt…",https://lemonaidhealth.com,AdLib q=lemonaid%20health,140,Retrieved via Apify actor apify/facebook-ads-scraper (onlyTotal mode)…,Mega-menu marketplace homepage; each vertic…,"Named proprietary ED/PE lines (Ironwood Rx, Morning Wood Rx, Bliss Rx), gener…","Ingredient composition of Ironwood Rx, Morning Wood Rx and Bliss Rx i…","Genuinely mixed, and the…",'Lowest price ever for a limited time: GLP-1s starting at $129/mo'. ED daily treatment 'Startin…,GLP-1 from $129/mo; ED from about $60/mo at $2/pill…,'Lowest price ever for a limited time' urgency framing on G…,No order bumps surfaced. UNVERIFIED beyond the gated flow.,UNVERIFIED - no guarantee or refund language located on the pages crawled.,NOT surfaced separately. Unlike S…,"Convenience and price, with proprietary product naming used to escape…",'Weight Loss Treatments - Start online in m…,Urgency and superlative pricing claim; refer-a-friend loop; discreet-delivery…,"Assessment -> e-prescribe, hybrid: plain generics r…",No distinct membership tier found; pricing is per-product m…,A cautionary ownership history. Acquired by 23andMe in 2021 for…,The naming strategy is the lesson: 'Ironwood Rx' and 'Morning Wood Rx' let Lemonaid sell what is very likely commodity…,https://lemonaidhealth.com/ ; https://www.lemonaidhealth.com/ed-options…
Hers,"Weight loss (GLP-1), sexual healt…",https://www.forhers.com,AdLib q=hers,"50,000 (measured 2026-08-14)",Retrieved via Apify actor apify/facebook-ads-scraper (onlyTotal mode)…,Standard ecommerce category page feeding a…,"Weight loss GLP-1 line: Wegovy Pill, Wegovy Pen, Zepbound Vial, Zepbound Kwik…","Brand-name GLP-1s, same disclosure language as Hims. mg strengths not…",Brand-name for the weight…,Wegovy Pill from $149/mo; Wegovy Pen from $199/mo; Zepbound Vial and KwikPen from $299/mo; Foun…,$149/mo medication floor PLUS the required $149/mo…,"Membership $39 first month, auto-renews at $149/mo. Free sm…","The free smart scale is a bundled incentive, not a paid bump. No discrete check…",UNVERIFIED - not located.,Membership billed separately: '$3…,Outcome-led and identity-led for women: named patients with specific…,"'See if I'm eligible', 'Get started', 'Star…",Four named customer video testimonials with results ('down 10 lbs in 2 weeks…,"Quiz -> Rx -> ship, membership-gated.","Monthly membership $39 first month then $149/mo, billed sep…","No separate reporting - consolidated into Hims & Hers Health, I…",The disclosure discipline is the copyable part: Hers pairs strong before/after claims with an explicit compensation and…,https://www.forhers.com/weight-loss ; Meta Ad Library URL in column D - r…
"Eden (tryeden.com, redirects to eden.he…","Weight loss (GLP-1), strength/ED…",https://www.eden.health (from htt…,AdLib q=tryeden,46,Retrieved via Apify actor apify/facebook-ads-scraper (onlyTotal mode)…,Ecommerce category page feeding an eligibil…,Compounded semaglutide and tirzepatide alongside brand-name GLP-1s; sermoreli…,Compounded semaglutide and compounded tirzepatide are the heroes. Spe…,"Both, side by side: compo…","Compounded semaglutide $99/mo; compounded tirzepatide $199/mo; brand-name Ozempic, Zepbound and…",Compounded semaglutide effectively ~$198/mo ongoing…,Membership $39 first month vs $99/mo thereafter. Coupon cod…,No checkout bump captured. The compounded-to-brand-name price ladder ($99 -> $1…,"'Same Price at Every Dose' - a dose-pricing-consistency guarantee, NOT a…","$0 stated: 'Free, same-day consul…",Affordability and price stability against brand-name GLP-1 sticker sh…,"'Get started', 'See if you're eligible', 'L…"," '127,000+ members'; 'FSA & HSA eligible with all plans'; 'FDA-registered lab…",Eligibility quiz -> Rx (compounded or brand-name) -…,Monthly membership $39 first month then $99/mo; site states…,"UNVERIFIED, and there is a name-collision risk: a separately we…",The single best offer structure in this set for a compounded brand to study: 'Same Price at Every Dose' neutralizes the…,https://tryeden.com/ ; https://www.eden.health/weight-loss ; Meta Ad Libr…
Mochi Health,Weight loss telehealth expanding…,joinmochi.com,AdLib q=Mochi%20Health,~120,Meta Ad Library exact-phrase query returned ~120 active US ads on 202…,Membership landing page with a quiz intake,"Weight loss (compounded semaglutide, compounded tirzepatide, Zepbound), hair…",No hirsutism or facial hair product surfaced anywhere on the site,Compounded and brand,"Membership $39 due today for the first month for new members, then $79/month. Compounded semagl…","$79/month membership after the intro month, plus me…","$39 for the first month of membership, a 51% discount off t…",Multi-month prepaid plans offered,None. The site explicitly states 'Individual results are not guaranteed a…,Included in the $79/month members…,Unlimited access to a physician and care team across many conditions…,Get started," '500,000+ members' and '400+ board certified' providers; member testimonial…",Quiz to membership to Rx,Monthly membership with multi-month prepay options; medicat…," 500,000+ members and 400+ board-certified providers (company's…",MEMBERSHIP-PLUS-MEDICATION IS THE OTHER VIABLE MODEL. Splitting a $79 care membership from medication cost raises headl…,"https://www.joinmochi.com/ + Meta Ad Library, verified 2026-08-14"
Musely (FaceRx),Women's derm / female facial hair,musely.com/facialhaircream,AdLib q=Musely,~810 (measured 2026-08-14),Meta Ad Library exact-phrase query returned ~800 active US ads on 202…,Product page with quiz-style Rx intake (no…,"The Facial Hair Cream, plus a broad FaceRx catalog spanning Skin, Hair, Body…",Compounded eflornithine cream. The page names eflornithine and 'other…,Compounded,"$41/month advertised, explicitly 'Starting with a 2-month supply'",$41 effective per month. Derived: a 2-month supply…,None; the $41/mo headline price IS the acquisition offer,UNVERIFIED (no order bumps or upsells visible on the public product page),"60-Day Result Guarantee, and the conditions are punitive: a refund requir…",$20 online visit fee (shown in th…,Cheapest prescription route to removing unwanted facial hair; price a…,Add to Cart,4.6 star rating with 44.3K ratings and reviews displayed above the fold; Cosm…,Product page to Rx intake to drop-shipped compounde…,Auto-refill subscription shipping a 2-month supply per cycle,Musely (legal entity Trusper) secured over $360M in non-dilutiv…,THE VOLUME LEADER AND THE MAIN THREAT. ~800 active ads plus a $360M customer-acquisition facility means they can outspe…,https://www.musely.com/facialhaircream + https://support.musely.com/hc/en…
Nutrafol,Women's hair loss (model-repeats…,nutrafol.com,AdLib q=Nutrafol,"~2,200","~2,200 active US results on 2026-08-14; 'Nutrafol' 14 visible cards…",DTC product + quiz,Nutraceutical hair growth supplements,,Supplement (non-Rx),,,,,,,"Whole-body, drug-free hair thinning solution",,,Quiz/product page -> subscription,,,"Biggest single-brand paid footprint of any brand measured in this dataset (~2,200 active ads) and it is a SUPPLEMENT, n…",Meta Ad Library 2026-08-14
Vegamour,Women's hair loss (OTC benchmark),vegamour.com,AdLib q=Vegamour,~340,~340 active US results on 2026-08-14; brand page 'Vegamour' 16 visibl…,DTC product pages + creator collabs,Plant-based hair serums and supplements,,OTC cosmetic / supplement,,,,,,,"Drug-free, plant-based alternative to minoxidil",,,Product page -> subscription,,,Runs the retail-plus-creator playbook (Sephora and Amazon alongside paid social) that none of the compounded telehealth…,Meta Ad Library 2026-08-14
Oana Health,Women's hormonal / PCOS / hirsuti…,oanahealth.com,AdLib q=Oana%20Health,~5 (measured 2026-08-14),Meta Ad Library exact-phrase query returned 'No ads match your search…,"Dedicated long-form product landing page, p…","Hairless Hype (the hero), standalone Eflornithine 12%, Topical Metformin, Met…",Hairless Hype = eflornithine 12% and 16% + metformin 5% + azelaic acid,Compounded,Inconsistent across their own pages. Homepage says Hairless Hype 'Starting at $115/month'; the…,$115 to $139 per month depending on which of their…,10% off the first month with code WELCOME10; a newsletter p…,10% first-month code WELCOME10; $20-off newsletter capture; no order bumps obse…,None offered,$20 one-time medical approval fee…,PCOS and female-hormonal-health specialist; anchors against the cost…,Get Hairless Hype,"5-star testimonial blocks with named patients (Allison L., Victoria A.); Legi…",Landing page to Rx intake to drop-shipped compounde…,Monthly subscription with automatic refills; 20gm and 60gm…,UNVERIFIED. A Crunchbase profile exists but discloses no round…,"CLOSEST DIRECT COMPETITOR AND THE SAME THREE ACTIVES AS OUR HERO SKU. Critically they buy zero Meta traffic, so the pai…",https://www.oanahealth.com/ + https://www.oanahealth.com/category/unwante…
Wisp,Women's sexual and reproductive h…,hellowisp.com,AdLib q=hellowisp,"~1,600 (measured 2026-08-14)",Meta Ad Library exact-phrase query on the brand token 'hellowisp' ret…,Ecommerce shop grid plus a symptoms quiz,"Slow the Grow! facial hair cream, plus a large catalog: BV antibiotics from $…",Slow the Grow! Prescription Facial Hair Reduction Cream with Eflornit…,Compounded. The site desc…,"Starting at $58/month, with a choice of one-time treatment or subscription",$58,None,Wisp+ membership advertised as up to 25% off all products,None stated,Not itemized. The page says the p…,Highest available concentration on the market; convenience and breadt…,Get Started,4.3 out of 5 star rating shown with no review count published; free discreet…,Shop or quiz to Rx; fulfillment is ambiguous (see n…,Choice of one-time purchase or recurring subscription,Approaching a ~$100M revenue run rate and profitable per Forbes…,THE STRENGTH BENCHMARK AND THE PRICE FLOOR. At 13.9% they match the Vaniqa registration-trial concentration and sell it…,https://hellowisp.com/products/eflornithine-facial-hair-cream + https://w…
Nurx,Women's telehealth (broad),nurx.com,AdLib q=Nurx,~90 (measured 2026-08-14),Meta Ad Library exact-phrase query returned ~96 active US ads on 2026…,Category site with per-condition intake flo…,"Birth control (50+ types), menopause and HRT, mental health, weight managemen…",No hirsutism or eflornithine offering anywhere in the catalog,Both,"Not published. Positioned as 'Affordable with or without insurance', with weight management 'as…",UNVERIFIED,None,None observed,None stated,Not published. The site notes 'ad…,Insurance-friendly breadth and affordability,Get weight management treatment for as low…,"4.7 Excellent and 4.8 ratings shown with '26,691+ Nurx-wide reviews'; insuran…",Category to intake to Rx,Medications shipped and billed monthly or quarterly dependi…,"Owned by Thirty Madison, which Remedy Meds agreed to acquire in…",ANOTHER ABSENT PLAYER. Nurx already sells melasma and rosacea telederm to exactly our buyer and still sells nothing for…,https://www.nurx.com/ + https://www.fiercehealthcare.com/telehealth/glp-1…
Hers (forhers.com),Women's telehealth (broad) / skin…,forhers.com,AdLib q=forhers.com,"50,000 (measured 2026-08-14)",Meta Ad Library exact-phrase query on 'forhers.com' returned ~510 act…,Category and product pages inside a large b…,"Skincare delivered in partnership with Apostrophe (acne, anti-aging, dark spo…",No hirsutism or eflornithine product exists anywhere in the catalog,Both compounded and gener…,UNVERIFIED at the category level; prices sit behind the intake flow and the melasma URL now ret…,UNVERIFIED,UNVERIFIED,UNVERIFIED,UNVERIFIED,UNVERIFIED,One-stop personalized women's health with medical-grade solutions,Log in / category navigation (no single her…,Partnership co-branding with Apostrophe used as the clinical credibility sign…,Category to intake to Rx,Subscription across categories,"Hims & Hers reported roughly $2.35B revenue for FY2025, up 59%…","THE ABSENT GIANT, AND THE SINGLE MOST IMPORTANT STRUCTURAL FACT IN THIS SEGMENT. A $2.35B public women's telehealth com…",https://www.forhers.com/skin-care + https://investors.hims.com/news/news-…
